ipAddress,abuseConfidenceScore,isp,domain,countryCode,totalReports,lastReportedAt
185.83.150.230,0,GibFibre Ltd,gibfibrespeed.com,GI,0,
101.67.50.16,15,Unicom Zhejiang Province Network,chinaunicom.com,CN,15,2024-06-26T14:10:44+00:00
101.67.49.10,22,Unicom Zhejiang Province Network,chinaunicom.com,CN,16,2024-06-28T07:27:42+00:00
101.67.29.65,15,Unicom Zhejiang Province Network,chinaunicom.com,CN,13,2024-06-28T13:02:11+00:00
101.67.49.12,14,Unicom Zhejiang Province Network,chinaunicom.com,CN,14,2024-06-28T10:33:39+00:00
165.225.226.98,0,Zscaler Inc.,zscaler.com,AU,0,
165.225.226.85,0,Zscaler Inc.,zscaler.com,AU,0,
147.161.212.95,0,Zscaler Melbourne,zscaler.com,AU,0,
165.225.114.203,0,Zscaler Inc.,zscaler.com,AU,0,
172.188.82.77,100,Microsoft Limited,microsoft.com,SG,72,2024-06-14T13:29:09+00:00
111.7.96.167,68,China Mobile Communications Corporation,chinamobileltd.com,CN,22,2024-06-28T06:10:20+00:00
111.7.100.28,76,China Mobile Communications Corporation,chinamobileltd.com,CN,25,2024-06-25T21:05:31+00:00
111.7.96.152,82,China Mobile Communications Corporation,chinamobileltd.com,CN,26,2024-06-28T10:20:21+00:00
111.7.96.169,69,China Mobile Communications Corporation,chinamobileltd.com,CN,20,2024-06-28T15:08:00+00:00
111.7.96.153,69,China Mobile Communications Corporation,chinamobileltd.com,CN,15,2024-06-27T13:45:45+00:00
111.7.100.32,60,China Mobile Communications Corporation,chinamobileltd.com,CN,17,2024-06-25T13:11:42+00:00
36.99.136.129,100,ChinaNet Zhejiang Province Network,chinatelecom.com.cn,CN,229,2024-06-28T15:07:59+00:00
123.160.221.133,63,ChinaNet Henan Province Network,chinatelecom.com.cn,CN,24,2024-06-28T15:08:09+00:00
111.7.96.180,90,China Mobile Communications Corporation,chinamobileltd.com,CN,31,2024-06-28T15:08:09+00:00
111.7.96.164,70,China Mobile Communications Corporation,chinamobileltd.com,CN,26,2024-06-28T15:08:07+00:00
192.42.116.219,100,Not SURF Net,as1101.net,NL,377,2024-06-28T09:59:49+00:00
5.188.210.38,30,Petersburg Internet Network Ltd.,pinspb.ru,RU,8,2024-06-04T08:10:02+00:00
172.111.145.226,59,Secure Internet LLC,purevpn.com,FR,1,2024-06-14T16:15:36+00:00
84.239.47.15,24,Invite Systems SRL,adnet.ro,US,0,2024-05-29T16:58:46+00:00
8.20.119.12,0,Spokane Teachers Credit Union,wildlifeeviction.com,US,0,
46.48.82.221,0,LLC Komtehcentr,itmh.ru,RU,0,
104.28.158.134,0,CloudFlare Inc.,cloudflare.com,HK,6,2024-06-20T09:38:20+00:00
104.28.156.214,0,CloudFlare Inc.,cloudflare.com,HK,4,2024-06-20T01:36:50+00:00
172.161.166.95,42,Microsoft Limited,microsoft.com,CH,17,2024-06-06T17:03:01+00:00
212.56.83.175,0,British Telecommunications PLC,bt.com,GB,0,
111.7.96.181,52,China Mobile Communications Corporation,chinamobileltd.com,CN,21,2024-06-25T11:43:26+00:00
185.228.3.88,29,Gerardo Cubillo Torralba Empresa Constructora S.L,cubilloconstrucciones.com,PT,5,2024-06-23T09:11:20+00:00
98.159.226.16,30,ExpressVPN,expressvpn.com,VG,18,2024-06-28T04:19:35+00:00
84.240.211.234,100,JSC Kazakhtelecom,telecom.kz,KZ,109,2024-06-28T13:50:05+00:00
79.104.11.18,77,PJSC Vimpelcom,vimpelcom.com,RU,37,2024-06-28T06:58:19+00:00
216.131.105.246,79,Netpr Bru DP,netprotect.com,BE,29,2024-06-26T11:11:56+00:00
45.132.194.3,60,Sennal,panq.nl,BY,66,2024-06-27T05:22:11+00:00
37.139.53.34,100,Petersburg Internet Network Ltd.,pinspb.ru,RU,54,2024-06-28T04:08:50+00:00
206.189.133.64,100,DigitalOcean LLC,digitalocean.com,IN,120,2024-06-21T22:45:06+00:00
194.113.233.61,100,Aleksandr Valerevich Mokhonko,lvs.ru,PL,26,2024-06-09T09:55:26+00:00
45.227.253.150,100,FlyServers S.A.,flyservers.com,PA,145,2024-06-27T07:53:25+00:00
45.227.253.148,100,FlyServers S.A.,flyservers.com,PA,143,2024-06-27T00:56:55+00:00
45.227.253.149,100,FlyServers S.A.,flyservers.com,PA,148,2024-06-26T21:38:32+00:00
45.227.253.147,100,FlyServers S.A.,flyservers.com,PA,148,2024-06-26T22:02:12+00:00
179.60.147.173,100,Veraton Projects Ltd.,layershift.ru,VE,163,2024-06-28T15:07:58+00:00
147.78.47.240,100,M Nets SAL,mnets.net,TR,142,2024-06-28T15:07:58+00:00
52.63.216.63,0,Amazon Technologies Inc.,amazon.com,AU,0,
13.239.62.10,0,Amazon Corporate Services Pty Ltd,amazon.com,AU,0,
3.25.232.57,0,Amazon Corporate Services Pty Ltd,amazon.com,AU,0,
3.104.106.250,0,Amazon Corporate Services Pty Ltd,amazon.com,AU,0,
3.27.64.53,0,Amazon Corporate Services Pty Ltd,amazon.com,AU,0,
13.210.95.155,0,Amazon Corporate Services Pty Ltd,amazon.com,AU,0,
77.77.222.61,26,Telemach BH d.o.o. Sarajevo,telemach.ba,BA,6,2024-06-04T08:02:28+00:00
81.149.15.179,0,British Telecommunications PLC,bt.com,GB,0,
62.133.21.26,0,Obar Ltd,spitfire.co.uk,GB,0,
5.66.145.146,0,SKY UK Limited,sky.com,GB,0,
149.40.50.44,43,DataCamp Limited,datacamp.co.uk,US,8,2024-06-26T06:19:35+00:00
37.139.53.7,63,Petersburg Internet Network Ltd.,pinspb.ru,RU,33,2024-06-24T07:01:16+00:00
84.239.41.14,0,Invite Systems SRL,adnet.ro,US,0,2024-04-30T10:41:14+00:00
195.128.248.15,75,Virtual Systems LLC,v-sys.org,UA,39,2024-06-23T10:32:53+00:00
93.183.92.109,92,Hosting Technology Ltd,vdsina.ru,RU,49,2024-06-14T16:15:37+00:00
109.70.100.71,100,Foundation for Applied Privacy,applied-privacy.net,AT,90,2024-06-28T04:57:17+00:00
5.188.210.80,32,Petersburg Internet Network Ltd.,pinspb.ru,RU,9,2024-06-03T23:16:30+00:00
185.36.147.11,17,FriendHosting L.P.,friendhosting.net,BG,4,2024-06-02T20:49:35+00:00
188.23.45.230,100,A1 Telekom Austria AG,a1telekom.at,AT,119,2024-06-16T12:45:39+00:00
66.42.118.115,0,Vultr Holdings LLC,vultr.com,US,0,
103.82.240.139,100,PT. Exabytes Network Indonesia,exabytes.com,ID,279,2024-06-28T13:27:12+00:00
138.199.29.5,14,DataCamp Limited,datacamp.co.uk,GB,0,2024-05-29T15:04:27+00:00
46.148.206.226,100,Wiland Ltd,wiland.ru,RU,99,2024-06-28T15:56:36+00:00
149.40.50.2,23,DataCamp Limited,datacamp.co.uk,US,1,2024-06-25T02:04:48+00:00
37.139.53.46,53,Petersburg Internet Network Ltd.,pinspb.ru,RU,10,2024-06-14T16:15:35+00:00
176.226.183.23,75,Intersvyaz-2 JSC,is74.ru,RU,4,2024-06-14T16:15:36+00:00
151.0.33.8,25,Vadim Druzev,terra-line.net,RU,4,2024-05-31T21:48:48+00:00
212.102.39.214,23,DataCamp Limited,cdn77.com,CZ,5,2024-06-19T12:13:56+00:00
192.42.116.196,100,Not SURF Net,as1101.net,NL,85,2024-06-28T15:15:01+00:00
111.7.96.155,77,China Mobile Communications Corporation,chinamobileltd.com,CN,25,2024-06-28T15:08:09+00:00
123.160.221.131,88,ChinaNet Henan Province Network,chinatelecom.com.cn,CN,33,2024-06-28T02:45:03+00:00
111.7.96.176,76,China Mobile Communications Corporation,chinamobileltd.com,CN,37,2024-06-28T15:08:06+00:00
111.7.96.163,76,China Mobile Communications Corporation,chinamobileltd.com,CN,23,2024-06-28T15:08:12+00:00
205.210.31.93,0,Palo Alto Networks Inc,paloaltonetworks.com,US,1335,2024-06-28T12:04:14+00:00
205.210.31.197,0,Palo Alto Networks Inc,paloaltonetworks.com,US,1350,2024-06-28T12:04:35+00:00
198.235.24.27,0,Palo Alto Networks Inc,paloaltonetworks.com,US,488,2024-06-28T16:04:35+00:00
198.235.24.234,0,Palo Alto Networks Inc,paloaltonetworks.com,US,1331,2024-06-28T12:30:49+00:00
147.185.132.252,100,Palo Alto Networks Inc,paloaltonetworks.com,US,1363,2024-06-28T15:54:41+00:00
205.210.31.233,0,Palo Alto Networks Inc,paloaltonetworks.com,US,1314,2024-06-28T16:00:09+00:00
35.197.68.118,21,Google LLC,google.com,US,3,2024-06-26T17:45:43+00:00
45.84.176.11,35,Biterika Grupp LLC,biterika.ru,RU,8,2024-06-27T06:16:58+00:00
195.2.71.197,42,Hosting Technology Ltd,vdsina.ru,RU,11,2024-06-20T08:08:46+00:00
82.132.216.31,0,Telefonica UK Limited,o2.com,GB,0,
83.97.73.239,100,Red Byte LLC,redbytes.ru,RU,210,2024-06-28T10:12:18+00:00
188.17.159.227,18,OJSC Rostelecom,rostelecom.ru,RU,2,2024-06-26T23:41:03+00:00
156.146.36.67,27,DataCamp Limited,cdn77.com,US,4,2024-06-23T14:02:14+00:00
165.231.182.31,27,Fiber Grid Inc,fibergrid.eu,EE,4,2024-06-24T21:33:07+00:00
46.8.213.112,38,Biterika Group LLC,biterika.ru,RU,13,2024-06-26T21:03:42+00:00
139.130.65.250,0,Telstra Limited,telstra.com.au,AU,0,
82.180.144.62,100,Contabo GmbH,contabo.com,NO,99,2024-06-28T14:04:25+00:00
196.196.203.214,77,Fiber Grid Inc,fibergrid.eu,FI,31,2024-06-28T13:29:09+00:00
45.132.194.58,59,Sennal,panq.nl,BY,29,2024-06-24T23:35:35+00:00
46.191.185.235,3,JSC Ufanet,ufanet.ru,RU,2,2024-06-27T16:29:12+00:00
212.35.183.248,100,Broadband Access for South Part of Tula Region,tula.net,RU,33,2024-06-28T13:01:34+00:00
65.21.143.175,84,Hetzner Online GmbH,hetzner.de,FI,28,2024-06-26T05:17:24+00:00
193.56.253.130,21,M247 Europe SRL,m247.com,AU,4,2024-06-27T15:37:22+00:00
196.196.203.213,81,Fiber Grid Inc,fibergrid.eu,FI,33,2024-06-27T20:16:09+00:00
37.139.53.32,69,Petersburg Internet Network Ltd.,pinspb.ru,RU,43,2024-06-24T08:10:37+00:00
203.78.172.27,0,Steel-Axis LLC,ipv4.rent,US,0,
213.188.83.217,0,Steel-Axis LLC,ipv4.rent,US,0,
203.109.53.50,0,TruView LLC,truviewllc.com,US,0,
213.188.93.51,0,Steel-Axis LLC,ipv4.rent,US,0,2024-04-15T00:05:09+00:00
185.240.255.108,2,TruView LLC,truviewllc.com,US,0,2024-05-28T22:51:19+00:00
168.151.116.174,0,Intelligence Network Inc.,inincga.com,US,0,
185.251.250.154,0,Bedrock Networks LLC,breezein.net,US,0,
101.67.49.17,15,Unicom Zhejiang Province Network,chinaunicom.com,CN,18,2024-06-28T09:37:09+00:00
112.13.112.61,22,China Mobile Communications Corporation,chinamobileltd.com,CN,18,2024-06-28T12:29:48+00:00
101.67.50.18,22,Unicom Zhejiang Province Network,chinaunicom.com,CN,15,2024-06-28T10:51:38+00:00
60.188.10.28,15,ChinaNet Zhejiang Province Network,chinatelecom.com.cn,CN,10,2024-06-28T14:00:55+00:00
101.67.29.68,15,Unicom Zhejiang Province Network,chinaunicom.com,CN,11,2024-06-28T08:00:41+00:00
60.188.11.101,4,ChinaNet Zhejiang Province Network,chinatelecom.com.cn,CN,11,2024-06-28T05:46:35+00:00
39.173.107.229,4,China Mobile Communications Corporation,chinamobileltd.com,CN,12,2024-06-28T06:02:17+00:00
199.167.138.22,34,Netminders Server Hosting,net-minders.com,CA,8,2024-06-26T04:41:45+00:00
163.116.219.55,10,Netskope HYD,netskope.com,IN,1,2024-06-10T08:13:36+00:00
44.222.233.93,36,Amazon Data Services NoVa,amazon.com,US,6,2024-06-27T07:07:17+00:00
163.116.215.41,0,Netskope Inc.,netskope.com,AU,0,2023-09-21T06:56:53+00:00
147.78.47.241,100,M Nets SAL,mnets.net,TR,146,2024-06-28T15:07:58+00:00
136.226.109.101,0,Zscaler Inc.,zscaler.com,US,0,2024-03-13T14:19:34+00:00
35.136.88.112,0,Charter Communications Inc,spectrum.com,US,0,
64.231.129.31,0,Bell Canada,bell.ca,CA,0,
180.149.20.209,0,ClearDocks LLC,hostroyale.com,US,0,
180.149.19.8,0,ClearDocks LLC,hostroyale.com,US,0,
1.124.23.240,0,Telstra Limited,telstra.com.au,AU,0,
1.145.79.173,0,Telstra Limited,telstra.com.au,AU,0,
194.59.30.20,100,Neterra Ltd.,neterra.net,BG,18,2024-06-01T14:22:01+00:00
85.203.15.76,53,Falco Networks B.V.,falco-networks.com,DE,8,2024-06-28T15:36:04+00:00
111.7.100.29,76,China Mobile Communications Corporation,chinamobileltd.com,CN,21,2024-06-28T15:08:08+00:00
111.7.96.156,73,China Mobile Communications Corporation,chinamobileltd.com,CN,22,2024-06-28T12:13:13+00:00
78.144.146.74,0,TalkTalk Communications Limited,talktalkbusiness.co.uk,GB,0,
103.102.228.130,100,Skoali SAS,skoali.com,FR,103,2024-06-16T04:07:38+00:00
31.94.66.193,0,EE Limited,ee.co.uk,GB,0,
193.117.203.190,0,A32D London,virtual1.co.uk,GB,0,
92.27.169.7,0,Tiscali UK Ltd,tiscali.co.uk,GB,0,
31.94.60.188,0,EE Limited,ee.co.uk,GB,0,
89.145.225.253,0,Daisy Corporate Services Trading Ltd,daisygroupplc.com,GB,0,
196.244.192.45,69,Fiber Grid Inc,fibergrid.eu,FI,22,2024-06-24T15:09:25+00:00
84.17.48.81,19,DataCamp Limited,datacamp.co.uk,DE,2,2024-06-14T08:01:04+00:00
196.244.192.46,85,Fiber Grid Inc,fibergrid.eu,FI,18,2024-06-25T06:10:38+00:00
91.217.249.145,34,Frankfurt Am Main DE,abcbuildingblocks.com,DE,8,2024-06-19T20:24:35+00:00
91.217.249.134,29,Frankfurt Am Main DE,abcbuildingblocks.com,DE,8,2024-06-21T20:12:07+00:00
91.217.249.162,41,Frankfurt Am Main DE,abcbuildingblocks.com,DE,8,2024-06-21T20:13:07+00:00
91.217.249.154,28,Frankfurt Am Main DE,abcbuildingblocks.com,DE,6,2024-06-17T21:28:18+00:00
91.217.249.152,20,Frankfurt Am Main DE,abcbuildingblocks.com,DE,5,2024-06-21T20:12:57+00:00
89.187.164.152,100,DataCamp s.r.o.,datacamp.sk,US,22,2024-06-13T16:35:32+00:00
45.125.66.42,100,Tele Asia Limited,tele-asia.net,LT,72,2024-06-24T14:54:51+00:00
4.227.117.130,70,Microsoft Corporation,microsoft.com,US,10,2024-06-03T06:36:53+00:00
185.134.22.81,81,Hydra Communications Ltd,zare.com,GB,24,2024-06-28T13:04:40+00:00
52.205.183.147,0,Amazon Technologies Inc.,amazon.com,US,1,2024-06-10T02:55:02+00:00
27.115.124.33,50,China Unicom Shanghai City Network,chinaunicom.com,CN,9,2024-06-28T14:01:19+00:00
27.115.124.34,64,China Unicom Shanghai City Network,chinaunicom.com,CN,11,2024-06-28T12:51:52+00:00
111.7.96.170,86,China Mobile Communications Corporation,chinamobileltd.com,CN,27,2024-06-28T06:46:19+00:00
111.7.96.171,81,China Mobile Communications Corporation,chinamobileltd.com,CN,30,2024-06-28T06:10:20+00:00
111.7.96.178,83,China Mobile Communications Corporation,chinamobileltd.com,CN,25,2024-06-28T05:11:42+00:00
101.199.254.233,15,Beijing Qihu Technology Company Limited,360.com,CN,0,2024-05-28T15:03:23+00:00
217.138.186.202,0,Venus Business Communications Limited,m247.com,GB,0,
167.98.155.185,0,Exponential-E Ltd.,exponential-e.com,GB,0,
155.140.80.14,0,BNP Paribas S.A.,group.bnpparibas,GB,0,
80.233.48.12,4,Three Ireland (Hutchison) Limited,three.ie,IE,1,2024-06-27T06:37:37+00:00
78.16.107.228,0,BSkyB Broadband Ireland,bskyb.com,IE,0,
109.248.55.205,42,Biterika Group LLC,biterika.ru,RU,8,2024-06-27T02:55:57+00:00
38.180.115.61,41,3NT Solutions LLP,3nt.com,NL,23,2024-06-27T12:58:01+00:00
146.190.74.142,3,DigitalOcean LLC,digitalocean.com,US,1,2024-06-14T23:39:13+00:00
206.189.234.100,11,DigitalOcean LLC,digitalocean.com,US,2,2024-06-28T06:51:08+00:00
192.81.219.231,20,DigitalOcean LLC,digitalocean.com,US,3,2024-06-24T15:50:25+00:00
167.172.158.105,0,DigitalOcean LLC,digitalocean.com,US,1,2024-06-24T14:58:01+00:00
137.184.56.110,0,DigitalOcean LLC,digitalocean.com,US,0,
64.64.108.42,12,LogicWeb Inc,logicweb.com,CZ,2,2024-06-09T08:33:03+00:00
212.30.37.183,23,M Nets SAL,mnets.net,NL,2,2024-06-17T13:31:01+00:00
185.228.3.76,32,Gerardo Cubillo Torralba Empresa Constructora S.L,cubilloconstrucciones.com,PT,7,2024-06-28T00:53:46+00:00
212.30.33.152,16,M Nets SAL,mnets.net,ES,3,2024-06-24T07:36:26+00:00
212.30.37.188,28,M Nets SAL,mnets.net,NL,3,2024-06-24T06:06:05+00:00
212.30.37.172,32,M Nets SAL,mnets.net,NL,3,2024-06-23T10:05:57+00:00
85.203.45.191,30,Falco Networks B.V.,falco-networks.com,CH,17,2024-06-26T06:09:33+00:00
98.159.226.22,25,ExpressVPN,expressvpn.com,VG,15,2024-06-28T04:21:41+00:00
45.13.191.77,44,Pitline Ltd,pitline.net,NO,14,2024-06-26T04:37:06+00:00
212.30.37.174,21,M Nets SAL,mnets.net,NL,1,2024-06-21T21:16:31+00:00
85.203.45.56,14,Falco Networks B.V.,falco-networks.com,CH,4,2024-06-27T08:01:01+00:00
1.146.90.33,0,Telstra Limited,telstra.com.au,AU,0,
203.21.202.7,0,RACQ Operations Pty Ltd,racq.com.au,AU,0,
104.28.125.2,0,iCloud Private Relay,icloud.com,AU,1,2024-06-17T12:21:47+00:00
212.30.33.8,13,M Nets SAL,mnets.net,ES,1,2024-06-24T07:36:30+00:00
178.159.37.156,90,Slobozhenyuk B.Y. PE,hidehost.net,UA,20,2024-06-28T04:53:05+00:00
188.162.6.129,42,PJSC MegaFon,megafon.ru,RU,10,2024-06-05T05:48:36+00:00
194.32.122.19,29,CyberGhost SRL,cyberghostvpn.com,LT,10,2024-06-26T15:19:03+00:00
2.57.168.159,18,VPN Consumer New Jersey United States of America,tnrtechnologies.nl,US,1,2024-06-04T09:10:48+00:00
2.57.168.141,20,VPN Consumer New Jersey United States of America,tnrtechnologies.nl,US,2,2024-06-05T17:40:04+00:00
2.57.168.122,7,VPN Consumer New Jersey United States of America,tnrtechnologies.nl,US,0,2024-04-29T19:00:27+00:00
2.57.168.136,18,VPN Consumer New Jersey United States of America,tnrtechnologies.nl,US,1,2024-06-03T10:02:31+00:00
46.191.249.71,82,JSC Ufanet,ufanet.ru,RU,29,2024-06-10T18:27:50+00:00
188.126.94.254,11,GleSYS AB,glesys.se,DK,2,2024-06-02T18:00:28+00:00
82.165.208.133,100,IONOS SE,ionos.com,US,13,2024-06-10T13:04:06+00:00
195.26.255.226,86,WAN IP Block,interalpha.net,GB,12,2024-06-17T22:05:31+00:00
87.236.176.53,100,Constantine Cybersecurity Ltd.,cyber.casa,GB,115,2024-06-28T15:08:07+00:00
13.40.208.114,0,Amazon Data Services UK,amazon.com,GB,0,
178.20.42.231,45,Hosting Technology Ltd,vdsina.ru,RU,15,2024-06-28T09:03:14+00:00
46.216.51.168,39,Mobile Telesystems JLLC,mts.by,BY,15,2024-06-07T09:17:14+00:00
91.193.178.165,0,PJSC Vimpelcom,vimpelcom.com,RU,0,
108.53.185.154,0,Verizon Business,verizonenterprise.com,US,0,
111.7.96.177,70,China Mobile Communications Corporation,chinamobileltd.com,CN,20,2024-06-28T05:11:24+00:00
111.7.96.157,70,China Mobile Communications Corporation,chinamobileltd.com,CN,29,2024-06-28T15:08:08+00:00
163.116.252.30,0,Netskope ATL,netskope.com,US,0,2024-02-20T16:00:19+00:00
84.239.28.3,100,Invite Systems SRL,adnet.ro,US,28,2024-06-18T00:00:32+00:00
77.222.116.11,85,Intersvyaz-2 JSC,is74.ru,RU,27,2024-06-10T20:29:51+00:00
103.41.244.98,60,One Net Communication Ltd,1netbd.com,BD,14,2024-06-10T07:49:15+00:00
101.67.29.210,15,Unicom Zhejiang Province Network,chinaunicom.com,CN,13,2024-06-28T08:59:37+00:00
60.188.9.202,15,ChinaNet Zhejiang Province Network,chinatelecom.com.cn,CN,16,2024-06-28T08:17:35+00:00
60.188.9.66,15,ChinaNet Zhejiang Province Network,chinatelecom.com.cn,CN,12,2024-06-27T19:02:20+00:00
60.188.11.111,15,ChinaNet Zhejiang Province Network,chinatelecom.com.cn,CN,15,2024-06-28T08:05:38+00:00
101.67.29.184,25,Unicom Zhejiang Province Network,chinaunicom.com,CN,12,2024-06-27T16:32:46+00:00
101.67.49.4,21,Unicom Zhejiang Province Network,chinaunicom.com,CN,14,2024-06-28T04:04:45+00:00
60.188.9.215,22,ChinaNet Zhejiang Province Network,chinatelecom.com.cn,CN,13,2024-06-28T03:58:42+00:00
172.188.9.50,53,Microsoft Limited,microsoft.com,SG,15,2024-06-05T08:24:13+00:00
203.28.215.178,0,Dun & Bradstreet (Australia) Pty Ltd,dnb.com.au,AU,0,
24.239.128.36,0,Netskope,netskope.com,AU,0,
24.239.128.37,0,Netskope,netskope.com,AU,0,
163.116.205.118,0,Netskope Bom,netskope.com,IN,0,2023-11-30T14:31:55+00:00
163.116.166.117,0,Netskope Inc.,netskope.com,AT,0,2022-10-25T09:09:30+00:00
3.105.156.154,0,Amazon Corporate Services Pty Ltd,amazon.com,AU,0,
52.64.139.178,0,Amazon Technologies Inc.,amazon.com,AU,0,
13.55.21.233,0,Amazon Corporate Services Pty Ltd,amazon.com,AU,0,
13.237.225.84,0,Amazon Corporate Services Pty Ltd,amazon.com,AU,0,
62.48.75.9,0,TUI InfoTec GMBH,tui-infotec.com,DE,0,
45.13.191.24,46,Pitline Ltd,pitline.net,NO,8,2024-06-28T10:52:07+00:00
45.13.191.48,46,Pitline Ltd,pitline.net,NO,11,2024-06-26T10:09:41+00:00
45.13.191.64,43,Pitline Ltd,pitline.net,NO,7,2024-06-28T09:01:24+00:00
45.13.191.54,39,Pitline Ltd,pitline.net,NO,7,2024-06-28T06:15:03+00:00
89.113.144.56,0,PJSC Vimpelcom,vimpelcom.com,RU,0,
199.167.138.122,54,Netminders Server Hosting,net-minders.com,CA,20,2024-06-28T15:08:13+00:00
94.103.80.181,64,Servers Tech Fzco,vdsina.com,NL,30,2024-06-27T22:44:41+00:00
37.139.53.191,100,Petersburg Internet Network Ltd.,pinspb.ru,RU,98,2024-06-28T13:30:08+00:00
196.196.52.5,30,Fiber Grid Inc,fibergrid.eu,LV,12,2024-06-26T07:37:05+00:00
39.173.105.142,14,China Mobile Communications Corporation,chinamobileltd.com,CN,13,2024-06-28T14:55:15+00:00
65.1.85.110,0,Amazon Data Services India,amazon.com,IN,0,
13.127.117.93,0,Amazon Data Services India,amazon.com,IN,0,
192.42.116.217,100,Not SURF Net,as1101.net,NL,388,2024-06-28T16:09:07+00:00
185.220.101.13,100,Zwiebelfreunde E.V.,zwiebelfreunde.de,NL,45,2024-06-28T09:50:11+00:00
34.105.46.190,30,Google LLC,google.com,US,6,2024-06-28T10:05:37+00:00
35.247.75.155,18,Google LLC,google.com,US,3,2024-06-15T17:10:00+00:00
34.82.52.90,13,Google LLC,google.com,US,3,2024-06-26T22:09:49+00:00
205.210.31.88,0,Palo Alto Networks Inc,paloaltonetworks.com,US,1389,2024-06-28T15:07:18+00:00
54.81.138.163,0,Amazon Technologies Inc.,amazon.com,US,0,2024-02-14T17:26:22+00:00
64.64.123.38,53,VPN Consumer Network,vpnconsumer.com,GB,8,2024-06-25T17:30:30+00:00
85.203.44.58,0,Falco Networks B.V.,falco-networks.com,SE,0,2024-03-01T04:18:29+00:00
188.212.135.35,10,VPN Consumer Network,vpnconsumer.com,PL,1,2024-06-10T22:20:32+00:00
178.17.169.29,33,Trabia SRL,trabia.com,MD,12,2024-06-24T08:01:43+00:00
64.64.123.39,47,VPN Consumer Network,vpnconsumer.com,GB,9,2024-06-24T16:03:34+00:00
217.138.202.69,34,Venus Business Communications Limited,m247.com,BG,13,2024-06-28T09:01:01+00:00
89.38.224.166,58,M247 Europe SRL,m247.com,RS,23,2024-06-24T20:36:50+00:00
104.248.148.117,100,DigitalOcean LLC,digitalocean.com,SG,96,2024-06-28T15:07:59+00:00
1.146.114.68,0,Telstra Limited,telstra.com.au,AU,0,
1.129.26.126,0,Telstra Limited,telstra.com.au,AU,0,
203.57.129.158,0,Goldnet Pty Ltd,gold.net.au,AU,0,
1.145.151.188,0,Telstra Limited,telstra.com.au,AU,0,
140.99.1.77,0,IPXO LLC,ipxo.com,AU,0,
101.67.50.76,18,Unicom Zhejiang Province Network,chinaunicom.com,CN,7,2024-06-25T14:39:55+00:00
60.188.9.216,22,ChinaNet Zhejiang Province Network,chinatelecom.com.cn,CN,13,2024-06-27T19:43:09+00:00
101.67.29.250,11,Unicom Zhejiang Province Network,chinaunicom.com,CN,5,2024-06-24T17:45:53+00:00
101.67.29.107,4,Unicom Zhejiang Province Network,chinaunicom.com,CN,13,2024-06-27T22:26:18+00:00
185.132.187.135,24,Digital Resources Management S.L.,digitalrm.es,BE,2,2024-06-19T08:43:20+00:00
185.213.155.221,50,31173 Services AB,31173.se,DE,25,2024-06-06T09:18:57+00:00
188.138.129.64,100,StarNet Solutii SRL,starnet.md,MD,112,2024-06-28T00:07:20+00:00
178.184.227.139,53,OJSC Sibirtelecom,sibirtelecom.ru,RU,20,2024-06-28T14:57:41+00:00
110.239.217.85,0,ClearDocks LLC,hostroyale.com,GB,0,
185.225.104.232,4,TruView LLC,truviewllc.com,AU,1,2024-06-26T16:29:11+00:00
194.53.70.236,0,Core IP Solutions LLC,hostroyale.com,GB,0,2022-08-15T07:34:12+00:00
89.184.210.74,0,Steel-Axis LLC,ipv4.rent,AU,0,
212.70.19.73,0,ClearDocks LLC,hostroyale.com,AU,0,
110.239.214.192,0,ClearDocks LLC,hostroyale.com,GB,0,
216.158.219.29,0,PNV Limited,aventice.com,GB,0,
54.188.191.14,0,Amazon.com Inc.,amazon.com,US,0,2024-05-04T03:09:43+00:00
202.38.175.84,0,Data Galaxy Pvt Ltd,datagalaxy.in,AU,0,
110.239.215.32,0,ClearDocks LLC,hostroyale.com,GB,0,
193.36.224.238,18,Panq B.V.,panq.nl,US,5,2024-06-16T03:33:29+00:00
193.36.224.224,18,Panq B.V.,panq.nl,US,9,2024-06-18T03:36:19+00:00
147.45.139.42,53,TimeWeb Ltd.,timeweb.ru,NL,21,2024-06-28T01:38:45+00:00
193.36.224.148,3,Panq B.V.,panq.nl,US,7,2024-06-19T04:53:56+00:00
88.218.62.122,57,Hosting Technology Ltd,vdsina.ru,RU,23,2024-06-16T10:36:56+00:00
89.22.234.3,53,LLC Interion,ramilsk.ru,RU,24,2024-06-20T11:49:16+00:00
217.66.156.192,11,MTS PJSC,mtsgsm.com,RU,2,2024-06-06T00:46:24+00:00
89.22.235.226,55,LLC Interion,ramilsk.ru,RU,15,2024-06-20T11:56:21+00:00
112.13.112.71,15,China Mobile Communications Corporation,chinamobileltd.com,CN,15,2024-06-28T10:27:08+00:00
39.173.107.139,28,China Mobile Communications Corporation,chinamobileltd.com,CN,17,2024-06-28T11:32:21+00:00
101.67.29.188,20,Unicom Zhejiang Province Network,chinaunicom.com,CN,13,2024-06-28T04:12:59+00:00
101.67.50.85,15,Unicom Zhejiang Province Network,chinaunicom.com,CN,10,2024-06-28T05:02:06+00:00
94.23.201.28,57,OVH SAS,ovh.com,FR,5,2024-06-14T07:21:36+00:00
103.16.199.85,34,PT. Jupiter Jala Arta,jalanet.co.id,ID,8,2024-05-30T06:01:20+00:00
91.92.244.64,100,LIMENET,limenet.io,NL,163,2024-06-28T15:07:59+00:00
178.70.88.79,59,OJSC North-West Telecom,nwtelecom.ru,RU,26,2024-06-14T16:15:37+00:00
144.139.124.253,0,Telstra Limited,telstra.com.au,AU,0,
193.114.98.198,0,TPG Internet Pty Ltd.,tpgi.com.au,AU,0,
115.70.56.33,0,Exetel Broadband Users,exetel.com.au,AU,0,
115.69.5.18,0,Spintel Pty Ltd,spintel.net.au,AU,0,
118.211.174.107,0,iiNET Limited,iinet.net.au,AU,0,
5.62.49.83,100,Privax Ltd,hidemyass.com,US,34,2024-06-18T15:20:11+00:00
31.94.60.173,0,EE Limited,ee.co.uk,GB,0,
82.36.64.124,0,Virgin Media Limited,virginmedia.com,GB,0,
166.196.93.55,0,AT&T Mobility LLC,att.net,US,0,
147.185.132.231,100,Palo Alto Networks Inc,paloaltonetworks.com,US,1363,2024-06-28T16:01:17+00:00
147.185.132.117,100,Palo Alto Networks Inc,paloaltonetworks.com,US,1358,2024-06-28T16:04:22+00:00
3.90.72.181,0,Amazon Data Services NoVa,amazon.com,US,1,2024-06-10T02:54:51+00:00
205.210.31.249,0,Palo Alto Networks Inc,paloaltonetworks.com,US,1327,2024-06-28T16:04:34+00:00
205.210.31.8,0,Palo Alto Networks Inc,paloaltonetworks.com,US,507,2024-06-28T16:04:03+00:00
205.210.31.229,0,Palo Alto Networks Inc,paloaltonetworks.com,US,1310,2024-06-28T16:04:06+00:00
198.235.24.170,0,Palo Alto Networks Inc,paloaltonetworks.com,US,1177,2024-06-28T12:04:32+00:00
3.122.24.230,0,A100 ROW GmbH,amazon.com,DE,0,
35.157.219.137,0,A100 ROW GmbH,amazon.com,DE,0,
3.122.197.19,0,A100 ROW GmbH,amazon.com,DE,0,
62.174.158.13,0,Vodafone Ono S.A.,ono.es,ES,0,
106.75.166.204,100,Shanghai UCloud Information Technology Company Limited,ucloud.cn,CN,261,2024-06-28T04:59:04+00:00
104.28.49.14,0,iCloud Private Relay,icloud.com,US,0,2024-04-18T05:52:44+00:00
104.28.49.12,0,iCloud Private Relay,icloud.com,US,0,2024-02-27T14:50:39+00:00
186.72.77.242,0,Cable & Wireless Panama,cw.com,PA,0,
165.225.226.217,0,Zscaler Inc.,zscaler.com,AU,0,
147.161.215.95,0,Zscaler Sydney,zscaler.com,AU,0,
147.161.215.33,0,Zscaler Sydney,zscaler.com,AU,0,
147.161.212.190,0,Zscaler Melbourne,zscaler.com,AU,0,
117.132.188.205,100,China Mobile Communications Corporation,chinamobileltd.com,CN,32,2024-06-28T10:57:20+00:00
188.166.226.163,84,DigitalOcean LLC,digitalocean.com,SG,27,2024-06-25T07:30:55+00:00
108.181.2.187,100,Telus Communications Inc.,telus.com,US,45,2024-06-19T23:13:52+00:00
211.30.196.120,0,SingTel Optus Pty Ltd,optus.com.au,AU,0,
49.185.98.162,0,SingTel Optus Pty Ltd,optus.com.au,AU,0,
144.130.156.129,0,Telstra Internet,telstra.com.au,AU,0,2024-05-02T08:11:18+00:00
203.211.72.134,0,Devoli Ltd,devoli.com,NZ,0,2024-03-26T07:11:45+00:00
49.199.176.170,0,SingTel Optus Pty Ltd,optus.com.au,AU,0,
208.91.64.45,64,Paradise Networks LLC,paradisenetworks.net,US,27,2024-06-28T15:09:30+00:00
80.239.140.194,73,Arelion Sweden AB,arelion.com,NL,63,2024-06-28T14:50:46+00:00
93.124.117.209,21,OJSC Rostelecom,rostelecom.ru,RU,3,2024-06-26T11:43:03+00:00
1.55.69.118,88,FPT Broadband Service,fpt.com.vn,VN,30,2024-06-28T14:49:01+00:00
109.184.135.78,47,PPPoE Clients Terminations IN,mts-nn.ru,RU,11,2024-06-28T09:56:33+00:00
195.2.73.235,74,Hosting Technology Ltd,vdsina.ru,RU,15,2024-06-28T05:27:19+00:00
37.139.53.20,100,Petersburg Internet Network Ltd.,pinspb.ru,RU,50,2024-06-28T09:31:34+00:00
88.201.251.215,86,Skynet Ltd.,sknt.ru,RU,35,2024-06-28T15:02:31+00:00
111.7.96.173,74,China Mobile Communications Corporation,chinamobileltd.com,CN,22,2024-06-28T15:08:12+00:00
111.7.96.174,81,China Mobile Communications Corporation,chinamobileltd.com,CN,34,2024-06-28T05:25:25+00:00
92.11.166.248,0,TalkTalk Communications Limited,talktalkbusiness.co.uk,GB,0,
82.132.221.217,0,Telefonica UK Limited,o2.com,GB,0,
77.44.0.74,0,Daisy Corporate Services Trading Ltd,daisygroupplc.com,GB,0,
64.226.65.160,100,DigitalOcean LLC,digitalocean.com,DE,154,2024-06-28T13:04:09+00:00
138.68.86.32,100,DigitalOcean LLC,digitalocean.com,DE,147,2024-06-28T11:37:30+00:00
159.89.12.166,100,DigitalOcean LLC,digitalocean.com,DE,441,2024-06-28T16:09:16+00:00
157.230.19.140,100,DigitalOcean LLC,digitalocean.com,DE,298,2024-06-28T13:04:06+00:00
115.189.96.167,0,Spark New Zealand Trading Ltd,spark.co.nz,NZ,0,
211.30.11.115,0,SingTel Optus Pty Ltd,optus.com.au,AU,0,
1.132.21.244,0,Telstra Limited,telstra.com.au,AU,0,
1.127.17.201,0,Telstra Limited,telstra.com.au,AU,0,
1.129.30.3,0,Telstra Limited,telstra.com.au,AU,0,
49.184.173.119,0,SingTel Optus Pty Ltd,optus.com.au,AU,0,
54.183.105.177,40,Amazon Technologies Inc.,amazon.com,US,6,2024-05-30T08:05:24+00:00
89.149.22.67,21,iNES GROUP SRL,ines.ro,CH,4,2024-05-30T13:10:28+00:00
3.24.5.85,0,Amazon Corporate Services Pty Ltd,amazon.com,AU,0,
13.236.32.139,0,Amazon Corporate Services Pty Ltd,amazon.com,AU,0,
54.241.199.45,20,Amazon Technologies Inc.,amazon.com,US,4,2024-05-30T15:20:14+00:00
163.116.215.42,0,Netskope Inc.,netskope.com,AU,0,2023-10-05T02:52:10+00:00
163.116.215.46,0,Netskope Inc.,netskope.com,AU,0,
24.239.148.28,0,Netskope Inc.,netskope.com,AU,0,
163.116.203.87,0,Netskope Inc.,netskope.com,AU,0,
163.116.223.51,0,MNL,netskope.com,PH,0,
163.116.223.119,0,MNL,netskope.com,PH,0,
163.116.215.29,0,Netskope Inc.,netskope.com,AU,0,
163.116.215.32,0,Netskope Inc.,netskope.com,AU,0,
163.116.202.18,0,Netskope Inc.,netskope.com,AU,0,
103.111.183.139,0,iboss Inc.,iboss.com,AU,0,
192.42.116.209,100,Not SURF Net,as1101.net,NL,376,2024-06-28T14:53:28+00:00
185.220.100.254,100,F3 Netze E.V.,f3netze.de,DE,128,2024-06-28T13:10:01+00:00
185.220.100.240,100,F3 Netze E.V.,f3netze.de,DE,90,2024-06-28T05:02:47+00:00
107.189.3.11,100,BuyVM,buyvm.net,LU,57,2024-06-28T05:09:05+00:00
64.124.8.70,55,Castle Global,castleglobal.com,US,14,2024-06-28T11:45:41+00:00
172.81.132.94,63,DataWagon LLC,datawagon.net,US,17,2024-06-25T22:10:39+00:00
173.239.214.254,1,NSQ Venture,peachyproxies.com,US,0,2024-05-11T09:00:43+00:00
185.198.240.27,1,US NJ,legaconetworks.nl,US,0,2024-05-12T18:13:52+00:00
192.42.116.203,100,Not SURF Net,as1101.net,NL,57,2024-06-28T13:37:13+00:00
78.142.18.92,100,ColocationX Ltd.,colocationx.com,NL,210,2024-06-28T15:53:28+00:00
203.195.210.176,13,Tencent Cloud Computing (Beijing) Co. Ltd.,tencent.com,CN,5,2024-06-21T12:40:10+00:00
122.51.183.104,3,Tencent Cloud Computing (Beijing) Co. Ltd.,tencent.com,CN,3,2024-06-23T13:48:23+00:00
130.41.244.79,0,Palo Alto Networks Inc,paloaltonetworks.com,AU,0,
165.225.226.104,0,Zscaler Inc.,zscaler.com,AU,0,
165.225.226.163,2,Zscaler Inc.,zscaler.com,AU,1,2024-06-12T04:44:33+00:00
147.161.212.81,0,Zscaler Melbourne,zscaler.com,AU,0,
165.225.226.80,0,Zscaler Inc.,zscaler.com,AU,0,
54.206.114.121,0,Amazon.com Inc.,amazon.com,AU,0,
165.225.226.115,0,Zscaler Inc.,zscaler.com,AU,0,
185.181.230.150,63,Inovare-Prim SRL,innovahosting.net,MD,15,2024-06-26T16:30:25+00:00
58.84.126.168,0,TPG Internet Pty Ltd.,tpgi.com.au,AU,0,
120.22.252.206,0,Vodafone Australia Pty Limited,vodafone.com.au,AU,0,
85.120.244.156,100,SC Opticom Consulting SRL,rovoice.com,RO,262,2024-06-28T14:29:58+00:00
162.240.170.99,100,Unified Layer,unifiedlayer.com,US,82,2024-06-28T14:22:23+00:00
77.68.100.210,100,Fasthosts Internet Limited,fasthosts.co.uk,GB,79,2024-06-28T06:55:24+00:00
149.255.58.160,53,Unlimited Web Hosting UK Ltd,unlimitedwebhosting.co.uk,GB,12,2024-06-27T17:49:02+00:00
103.175.220.129,100,PT Biznet Gio Nusantara,biznetgio.com,ID,87,2024-06-28T12:27:41+00:00
95.181.164.90,96,Coopertino,qwarta.ru,RU,46,2024-06-27T05:20:21+00:00
5.166.203.122,21,JSC ER-Telecom Holding,ertelecom.ru,RU,3,2024-06-26T17:59:08+00:00
69.55.60.144,2,ServerStack Inc,serverstack.com,US,1,2024-06-04T21:45:40+00:00
206.81.12.66,1,DigitalOcean LLC,digitalocean.com,US,1,2024-05-29T22:30:42+00:00
68.183.136.162,11,DigitalOcean LLC,digitalocean.com,US,2,2024-06-25T05:02:55+00:00
192.241.155.140,1,DigitalOcean LLC,digitalocean.com,US,1,2024-05-29T22:55:35+00:00
149.30.138.222,1,PSINet Inc.,cogentco.com,PH,0,2024-05-16T05:12:02+00:00
165.225.115.31,0,Zscaler Inc.,zscaler.com,AU,0,2024-03-12T22:09:14+00:00
165.225.226.111,0,Zscaler Inc.,zscaler.com,AU,0,
220.244.22.176,0,TPG Internet Pty Ltd.,tpgi.com.au,AU,0,
165.225.226.112,0,Zscaler Inc.,zscaler.com,AU,0,
13.55.33.104,0,Amazon Corporate Services Pty Ltd,amazon.com,AU,0,
54.206.190.234,0,Amazon.com Inc.,amazon.com,AU,0,
134.238.40.166,0,Palo Alto Networks Inc,paloaltonetworks.com,AU,0,
208.43.36.210,86,SoftLayer Technologies Inc.,softlayer.com,US,29,2024-06-28T04:08:08+00:00
185.220.101.46,99,Zwiebelfreunde E.V.,zwiebelfreunde.de,NL,59,2024-06-28T07:53:45+00:00
192.42.116.177,100,Not SURF Net,as1101.net,NL,122,2024-06-28T07:54:00+00:00
45.80.158.27,100,1337 Services GmbH,njal.la,US,54,2024-06-26T23:25:16+00:00
91.92.251.141,100,LIMENET,limenet.io,NL,175,2024-06-28T15:07:59+00:00
194.156.97.7,54,FreeNet L.L.C-FZ,freenetworks.net,RU,18,2024-06-19T07:34:36+00:00
84.17.49.50,25,DataCamp Limited,datacamp.co.uk,DE,2,2024-05-30T06:49:31+00:00
178.176.79.204,1,PJSC MegaFon,megafon.ru,RU,0,2024-05-11T05:33:47+00:00
192.42.116.179,100,Not SURF Net,as1101.net,NL,444,2024-06-28T16:06:59+00:00
185.220.101.67,100,Zwiebelfreunde E.V.,zwiebelfreunde.de,NL,41,2024-06-28T07:53:45+00:00
52.169.23.5,100,Microsoft Corporation,microsoft.com,IE,170,2024-06-28T02:24:49+00:00
194.9.56.102,100,Resaneh Pardaz Sepahan Co,poyanazm.com,IR,105,2024-06-28T12:05:36+00:00
91.148.168.81,100,NS,managed-vps.net,BG,108,2024-06-18T05:15:01+00:00
27.128.246.110,100,ChinaNet Hebei Province Network,chinatelecom.com.cn,CN,112,2024-06-16T22:02:21+00:00
109.205.46.4,100,Assigned to GTU,,GE,368,2024-06-28T16:06:10+00:00
51.77.117.102,100,OVH SAS,ovh.com,GB,259,2024-06-28T16:07:40+00:00
193.105.234.217,100,Pars Parva System LLC,parspack.com,IR,168,2024-06-28T11:39:58+00:00
102.129.40.35,100,Lucky Connect Technologies (Pty) Ltd,luckyconnect.co.za,ZA,218,2024-06-28T14:23:44+00:00
69.63.64.21,100,Swaziland PTC,swazi.net,SZ,226,2024-06-28T16:07:59+00:00
102.23.122.251,100,Mno Clients Nat Pool VMS,infratel.co.zm,ZM,332,2024-06-28T16:11:46+00:00
111.7.96.166,84,China Mobile Communications Corporation,chinamobileltd.com,CN,31,2024-06-28T06:10:21+00:00
83.104.33.217,0,Vodafone Ltd,vodafone.co.uk,GB,0,
98.55.117.117,0,Comcast Cable Communications LLC,comcast.net,US,0,
72.74.240.108,0,Verizon Business,verizonenterprise.com,US,0,
18.195.91.101,0,A100 ROW GmbH,amazon.com,DE,0,
213.219.247.106,60,Hosting Technology Ltd,vdsina.ru,RU,20,2024-06-20T11:00:09+00:00
77.221.159.75,91,Aeza International LTD,aeza.net,FI,51,2024-06-27T17:22:56+00:00
116.206.127.153,87,POP Nix Company Limited,pop-nix.com,TH,23,2024-06-14T16:15:35+00:00
13.237.221.53,0,Amazon Corporate Services Pty Ltd,amazon.com,AU,0,
13.236.41.39,0,Amazon Corporate Services Pty Ltd,amazon.com,AU,0,
192.193.133.210,0,Citibank N.A.,citi.com,US,0,
65.181.13.233,0,SpaceX Services Inc.,starlink.com,AU,0,
13.54.137.185,0,Amazon Corporate Services Pty Ltd,amazon.com,AU,0,
110.175.42.218,0,TPG Internet Pty Ltd.,tpgi.com.au,AU,0,
54.79.155.255,0,Amazon Corporate Services Pty Ltd,amazon.com,AU,0,
13.211.226.78,0,Amazon Corporate Services Pty Ltd,amazon.com,AU,0,
156.114.16.133,0,Au Ing Group,ing.com.au,AU,0,
49.255.78.62,0,Vocus,vocus.com.au,AU,0,
85.203.47.105,11,Falco Networks B.V.,falco-networks.com,DK,2,2024-06-11T20:29:13+00:00
45.130.202.24,31,TR Bursa,legaconetworks.nl,TR,6,2024-06-28T13:02:08+00:00
212.30.36.56,80,M Nets SAL,mnets.net,DE,18,2024-06-24T14:03:30+00:00
37.140.254.145,43,LayerSwitch B.V.,layerswitch.com,CH,5,2024-06-27T05:15:22+00:00
85.203.47.115,16,Falco Networks B.V.,falco-networks.com,DK,3,2024-06-09T00:26:15+00:00
85.203.47.114,10,Falco Networks B.V.,falco-networks.com,DK,1,2024-06-05T14:20:59+00:00
37.140.254.70,25,LayerSwitch B.V.,layerswitch.com,CH,2,2024-06-24T05:32:15+00:00
45.130.202.34,42,TR Bursa,legaconetworks.nl,TR,16,2024-06-14T13:30:24+00:00
45.130.202.2,30,TR Bursa,legaconetworks.nl,TR,4,2024-06-28T00:45:22+00:00
37.140.254.72,33,LayerSwitch B.V.,layerswitch.com,CH,4,2024-06-26T08:28:47+00:00
203.1.107.254,0,Australian Wealth Management,awmlimited.com.au,AU,0,2021-05-01T15:41:24+00:00
134.238.14.37,0,Palo Alto Networks Inc,paloaltonetworks.com,IN,0,
165.225.226.253,0,Zscaler Inc.,zscaler.com,AU,0,
66.159.204.103,0,Palo Alto Networks Inc,paloaltonetworks.com,IN,0,
134.238.14.38,0,Palo Alto Networks Inc,paloaltonetworks.com,IN,0,2023-08-11T08:49:59+00:00
3.230.154.60,27,Amazon Data Services NoVa,amazon.com,US,5,2024-06-27T08:08:52+00:00
84.239.45.7,38,Invite Systems SRL,adnet.ro,US,24,2024-06-16T15:13:19+00:00
106.55.151.184,36,Tencent Cloud Computing (Beijing) Co. Ltd.,tencent.com,CN,2,2024-06-16T07:25:57+00:00
142.44.196.208,76,OVH Hosting Inc.,ovh.com,CA,14,2024-06-27T07:32:19+00:00
190.93.152.243,73,ETB - Colombia,etb.net.co,CO,17,2024-06-27T07:05:40+00:00
3.90.146.101,0,Amazon Data Services NoVa,amazon.com,US,0,
3.220.167.176,0,Amazon Data Services NoVa,amazon.com,US,0,
23.20.101.108,0,Amazon Data Services NoVa,amazon.com,US,0,
18.206.163.8,0,Amazon Technologies Inc.,amazon.com,US,0,
163.116.205.116,0,Netskope BOM,netskope.com,IN,0,2024-01-12T10:03:07+00:00
136.228.216.150,0,iboss,iboss.com,SG,0,
87.236.176.191,100,Constantine Cybersecurity Ltd.,cyber.casa,GB,120,2024-06-28T15:42:03+00:00
13.41.206.128,0,Amazon Data Services UK,amazon.com,GB,0,
111.7.96.168,70,China Mobile Communications Corporation,chinamobileltd.com,CN,27,2024-06-28T15:08:08+00:00
111.7.96.172,91,China Mobile Communications Corporation,chinamobileltd.com,CN,37,2024-06-27T13:45:46+00:00
205.210.31.202,0,Palo Alto Networks Inc,paloaltonetworks.com,US,1294,2024-06-28T12:31:00+00:00
198.235.24.107,0,Palo Alto Networks Inc,paloaltonetworks.com,US,1290,2024-06-28T16:00:10+00:00
205.210.31.192,0,Palo Alto Networks Inc,paloaltonetworks.com,US,1348,2024-06-28T16:09:33+00:00
198.235.24.130,0,Palo Alto Networks Inc,paloaltonetworks.com,US,487,2024-06-28T16:05:12+00:00
205.210.31.42,0,Palo Alto Networks Inc,paloaltonetworks.com,US,1258,2024-06-28T12:04:32+00:00
198.235.24.204,0,Palo Alto Networks Inc,paloaltonetworks.com,US,1351,2024-06-28T15:08:01+00:00
37.115.216.33,59,Kyivstar PJSC,kyivstar.ua,UA,14,2024-06-16T12:45:39+00:00
93.177.75.58,11,M247 Europe SRL,m247.com,FR,4,2024-06-03T16:09:33+00:00
209.205.204.210,47,24 Shells,24shells.net,CA,22,2024-06-24T15:15:17+00:00
45.158.14.229,100,Ciklet Tasarim Iletisim ve Org. Tic. Ltd. Sti.,ciklet.com.tr,TR,225,2024-06-28T14:37:15+00:00
173.212.245.223,100,Contabo GmbH,contabo.com,HK,143,2024-06-28T11:39:02+00:00
198.100.155.150,100,OVH Hosting Inc.,ovh.com,CA,157,2024-06-28T09:18:53+00:00
173.237.189.235,100,TierPoint LLC,tierpoint.com,US,137,2024-06-25T16:50:08+00:00
84.239.45.14,20,Invite Systems SRL,adnet.ro,US,3,2024-06-14T20:03:30+00:00
3.25.125.97,0,Amazon Corporate Services Pty Ltd,amazon.com,AU,0,
3.26.242.19,0,Amazon Corporate Services Pty Ltd,amazon.com,AU,0,
85.174.197.92,23,OJSC Rostelecom,rostelecom.ru,RU,2,2024-06-27T11:14:24+00:00
164.90.207.65,10,DigitalOcean LLC,digitalocean.com,NL,1,2024-06-16T11:08:50+00:00
178.62.233.10,0,DigitalOcean Amsterdam,digitalocean.com,NL,0,
45.13.191.47,42,Pitline Ltd,pitline.net,NO,7,2024-06-27T11:45:29+00:00
45.13.191.37,37,Pitline Ltd,pitline.net,NO,5,2024-06-17T21:28:14+00:00
45.13.191.42,42,Pitline Ltd,pitline.net,NO,10,2024-06-27T01:02:08+00:00
5.188.210.91,42,Petersburg Internet Network Ltd.,pinspb.ru,RU,36,2024-06-28T02:52:55+00:00
92.31.130.178,0,TalkTalk Communications Limited,talktalkbusiness.co.uk,GB,0,
154.53.58.16,100,Contabo Inc,contabo.com,HK,146,2024-06-28T11:38:10+00:00
159.89.203.182,100,DigitalOcean LLC,digitalocean.com,SG,215,2024-06-28T13:39:38+00:00
111.7.96.154,62,China Mobile Communications Corporation,chinamobileltd.com,CN,27,2024-06-28T12:13:15+00:00
111.7.100.33,76,China Mobile Communications Corporation,chinamobileltd.com,CN,15,2024-06-28T15:08:06+00:00
34.254.199.181,34,Amazon Data Services Ireland Limited,amazon.com,IE,7,2024-06-08T04:36:29+00:00
111.7.96.158,63,China Mobile Communications Corporation,chinamobileltd.com,CN,15,2024-06-27T02:02:09+00:00
111.7.96.160,95,China Mobile Communications Corporation,chinamobileltd.com,CN,39,2024-06-28T15:08:13+00:00
192.42.116.202,100,Not SURF Net,as1101.net,NL,62,2024-06-28T13:16:44+00:00
192.42.116.215,100,Not SURF Net,as1101.net,NL,405,2024-06-28T15:56:56+00:00
192.42.116.211,100,Not SURF Net,as1101.net,NL,318,2024-06-28T15:08:07+00:00
45.82.121.227,100,Roeth & Beck GBR,roeth-und-beck.de,DE,67,2024-06-09T10:33:27+00:00
192.81.131.183,26,Akamai Technologies Inc.,akamai.com,US,13,2024-06-06T05:52:31+00:00
104.237.147.60,13,Akamai Technologies Inc.,akamai.com,US,3,2024-06-28T04:47:22+00:00
159.250.132.123,0,Atlantic Broadband,atlanticbb.com,US,0,
202.83.29.58,0,Broad Band Internet Service Provider India,acttv.in,IN,0,
86.183.74.22,0,British Telecommunications PLC,bt.com,GB,0,
82.132.224.243,0,Telefonica UK Limited,o2.com,GB,0,2022-02-08T09:36:00+00:00
161.35.9.85,0,DigitalOcean LLC,digitalocean.com,US,0,
157.230.48.191,0,DigitalOcean LLC,digitalocean.com,US,0,
188.212.135.184,42,VPN Consumer Network,vpnconsumer.com,PL,5,2024-06-19T15:20:17+00:00
185.192.16.48,18,Expres,expressvpn.com,IE,2,2024-06-26T05:26:56+00:00
212.30.33.212,30,M Nets SAL,mnets.net,ES,3,2024-06-28T01:05:19+00:00
188.212.135.185,26,VPN Consumer Network,vpnconsumer.com,PL,2,2024-06-10T04:44:05+00:00
188.212.135.182,23,VPN Consumer Network,vpnconsumer.com,PL,1,2024-06-08T01:40:46+00:00
98.159.226.245,27,ExpressVPN,expressvpn.com,VG,9,2024-06-23T02:02:19+00:00
185.132.187.143,36,Digital Resources Management S.L.,digitalrm.es,BE,19,2024-06-17T18:31:00+00:00
188.212.135.174,26,VPN Consumer Network,vpnconsumer.com,PL,2,2024-06-22T15:05:06+00:00
84.247.59.113,45,Noop LLC,noop.net,DE,5,2024-06-19T18:23:26+00:00
192.42.116.208,100,Not SURF Net,as1101.net,NL,364,2024-06-28T16:08:18+00:00
178.175.142.26,97,Trabia SRL,trabia.com,MD,43,2024-06-28T07:53:53+00:00
52.66.233.209,0,Amazon Data Services India,amazon.com,IN,0,
13.235.99.248,0,Amazon Data Services India,amazon.com,IN,0,
216.117.88.4,0,Texas Dow Employees Credit Union,tdecu.org,US,0,
81.213.246.112,0,Turk Telekomunikasyon Anonim Sirketi,turktelekom.com.tr,TR,0,
66.162.120.53,0,Level 3 Communications Inc.,level3.com,US,0,
37.67.77.208,0,Societe Francaise du Radiotelephone - SFR SA,sfr.net,FR,0,
35.81.165.159,0,Amazon.com Inc.,amazon.com,US,0,
35.95.75.225,16,Amazon.com Inc.,amazon.com,US,1,2024-06-07T14:31:41+00:00
66.220.149.10,0,Facebook Inc.,facebook.com,US,23,2024-06-27T20:31:34+00:00
66.220.149.41,0,Facebook Inc.,facebook.com,US,1,2024-06-27T20:34:43+00:00
66.220.149.14,0,Facebook Inc.,facebook.com,US,26,2024-06-27T20:31:33+00:00
104.28.125.3,0,iCloud Private Relay,icloud.com,AU,1,2024-06-28T00:18:37+00:00
52.64.114.194,0,Amazon Technologies Inc.,amazon.com,AU,0,
206.221.189.202,84,Nicolas BAZIN,reliablesite.net,US,9,2024-06-20T13:03:04+00:00
4.206.117.252,26,Microsoft Corporation,microsoft.com,CA,5,2024-06-28T12:31:02+00:00
196.196.53.135,27,Fiber Grid Inc,fibergrid.eu,LV,2,2024-06-01T14:29:39+00:00
154.196.71.236,63,IT Hostline Ltd,ithostline.com,DE,20,2024-06-27T10:02:35+00:00
154.16.192.143,18,AS212294 HolyHosting,holy.gg,US,6,2024-06-07T21:40:57+00:00
31.173.82.8,0,PJSC MegaFon,megafon.ru,RU,0,2024-02-17T20:27:23+00:00
188.166.108.93,100,DigitalOcean LLC,digitalocean.com,NL,270,2024-06-27T13:49:49+00:00
207.154.197.113,100,DigitalOcean LLC,digitalocean.com,DE,427,2024-06-28T13:04:08+00:00
46.101.111.185,100,DigitalOcean LLC,digitalocean.com,DE,171,2024-06-28T06:29:20+00:00
203.16.33.254,0,Ioof Service Co Pty Ltd,ioof.com.au,AU,0,
185.220.101.60,97,Zwiebelfreunde E.V.,zwiebelfreunde.de,NL,69,2024-06-28T05:02:52+00:00
45.13.191.75,44,Pitline Ltd,pitline.net,NO,15,2024-06-28T04:07:27+00:00
45.13.191.107,42,Pitline Ltd,pitline.net,NO,15,2024-06-27T06:09:06+00:00
178.159.37.6,40,Slobozhenyuk B.Y. PE,hidehost.net,UA,18,2024-06-28T16:04:06+00:00
46.149.74.58,100,Hosting Technology Ltd,vdsina.ru,NL,69,2024-06-28T13:26:57+00:00
89.110.72.212,20,Hosting Technology Ltd,vdsina.ru,NL,3,2024-06-27T14:46:30+00:00
198.235.24.125,0,Palo Alto Networks Inc,paloaltonetworks.com,US,1272,2024-06-28T11:04:46+00:00
147.185.132.55,100,Palo Alto Networks Inc,paloaltonetworks.com,US,1305,2024-06-28T12:14:10+00:00
205.210.31.232,0,Palo Alto Networks Inc,paloaltonetworks.com,US,1319,2024-06-28T12:30:07+00:00
198.235.24.67,0,Palo Alto Networks Inc,paloaltonetworks.com,US,1308,2024-06-28T12:04:32+00:00
205.210.31.245,0,Palo Alto Networks Inc,paloaltonetworks.com,US,1355,2024-06-28T16:02:20+00:00
205.210.31.20,0,Palo Alto Networks Inc,paloaltonetworks.com,US,475,2024-06-28T11:04:24+00:00
198.235.24.38,0,Palo Alto Networks Inc,paloaltonetworks.com,US,1132,2024-06-28T12:27:44+00:00
60.188.10.43,22,ChinaNet Zhejiang Province Network,chinatelecom.com.cn,CN,18,2024-06-28T04:15:33+00:00
112.13.112.160,15,China Mobile Communications Corporation,chinamobileltd.com,CN,14,2024-06-27T17:54:31+00:00
39.173.107.165,24,China Mobile Communications Corporation,chinamobileltd.com,CN,15,2024-06-28T12:28:43+00:00
60.188.10.8,4,ChinaNet Zhejiang Province Network,chinatelecom.com.cn,CN,12,2024-06-28T08:34:10+00:00
46.149.75.86,100,Hosting Technology Ltd,vdsina.ru,NL,68,2024-06-28T09:31:49+00:00
94.156.69.229,100,LIMENET,limenet.io,NL,136,2024-06-28T13:04:10+00:00
52.163.224.55,100,Microsoft Corporation,microsoft.com,SG,46,2024-06-24T03:08:25+00:00
52.163.230.25,100,Microsoft Corporation,microsoft.com,SG,84,2024-06-24T01:38:25+00:00
86.12.205.64,0,Virgin Media Limited,virginmedia.com,GB,0,
116.6.184.178,0,ChinaNet Guangdong Province Network,chinatelecom.com.cn,CN,0,
157.231.225.182,0,Gamma Telecom Limited,gamma.co.uk,GB,0,
90.216.213.170,0,SKY UK Limited,sky.com,GB,0,
84.54.51.37,100,PFCloud,pfcloud.io,NL,2180,2024-06-28T15:07:57+00:00
5.150.74.122,0,London Grid for Learning Trust,lgfl.org.uk,GB,0,
208.127.42.223,0,Palo Alto Networks Inc,paloaltonetworks.com,GB,0,
45.74.22.253,31,Secure Internet LLC,purevpn.com,CZ,5,2024-06-24T22:10:07+00:00
91.217.249.160,29,Frankfurt Am Main DE,abcbuildingblocks.com,DE,5,2024-06-21T20:12:48+00:00
91.217.249.144,23,Frankfurt Am Main DE,abcbuildingblocks.com,DE,5,2024-06-21T20:51:22+00:00
91.217.249.150,29,Frankfurt Am Main DE,abcbuildingblocks.com,DE,4,2024-06-21T20:13:18+00:00
91.217.249.135,25,Frankfurt Am Main DE,abcbuildingblocks.com,DE,4,2024-06-23T21:15:30+00:00
91.192.168.36,62,Gerkon Ltd.,sevencom.ru,RU,5,2024-06-13T10:06:36+00:00
145.255.22.155,58,JSC Ufanet,ufanet.ru,RU,22,2024-06-16T12:45:39+00:00
49.182.66.167,0,SingTel Optus Pty Ltd,optus.com.au,AU,0,
49.186.106.190,0,SingTel Optus Pty Ltd,optus.com.au,AU,0,
149.40.50.57,3,DataCamp Limited,datacamp.co.uk,US,2,2024-06-17T04:55:52+00:00
94.25.171.35,30,PJSC MegaFon,megafon.ru,RU,6,2024-06-06T04:11:41+00:00
52.169.23.36,100,Microsoft Corporation,microsoft.com,IE,78,2024-06-28T15:42:30+00:00
139.99.241.106,0,OVH Australia Pty Ltd,ovh.com,AU,0,2024-04-08T16:07:44+00:00
144.126.156.133,40,Contabo Inc.,contabo.com,US,0,2024-05-29T14:49:32+00:00
128.199.128.67,85,DigitalOcean LLC,digitalocean.com,SG,71,2024-06-26T06:04:18+00:00
120.156.225.45,0,Telstra Limited,telstra.com.au,AU,0,
203.91.239.4,0,Vocus Pty Ltd,vocus.com.au,AU,0,
60.227.67.79,0,Telstra Limited,telstra.com.au,AU,0,
1.147.1.140,0,Telstra Limited,telstra.com.au,AU,0,
37.19.221.225,25,DataCamp Limited,datacamp.co.uk,US,5,2024-06-28T08:03:42+00:00
138.199.22.101,32,DataCamp Limited,datacamp.co.uk,JP,6,2024-06-28T05:03:31+00:00
163.116.215.45,0,Netskope Inc.,netskope.com,AU,0,
120.150.142.236,0,Telstra Limited,telstra.com.au,AU,0,
116.255.12.236,0,SuperLoop (Australia) Pty Ltd,superloop.com,AU,0,
8.29.109.150,0,CloudFlare Inc.,cloudflare.com,AU,0,
125.237.32.160,0,Spark New Zealand Trading Ltd,spark.co.nz,NZ,0,
121.74.175.84,0,Vodafone New Zealand,vodafone.co.nz,NZ,0,
174.197.3.38,0,Verizon Business,verizonenterprise.com,US,0,
72.238.239.33,0,Charter Communications Inc,spectrum.com,US,0,
111.7.96.159,75,China Mobile Communications Corporation,chinamobileltd.com,CN,26,2024-06-28T15:08:10+00:00
162.243.184.83,0,DigitalOcean LLC,digitalocean.com,US,0,
45.154.138.144,26,VPN Consumer Marseille France,panq.nl,FR,5,2024-06-07T21:13:44+00:00
45.154.138.152,35,VPN Consumer Marseille France,panq.nl,FR,7,2024-06-28T09:55:39+00:00
85.203.39.235,65,Falco Networks B.V.,falco-networks.com,LV,15,2024-06-28T13:26:11+00:00
193.84.50.150,50,PE Osaula Mihail Dmitrovich,net-city.net,UA,21,2024-06-28T15:59:14+00:00
188.162.80.203,59,PJSC MegaFon,megafon.ru,RU,14,2024-06-26T22:29:17+00:00
89.110.77.95,66,Hosting Technology Ltd,vdsina.ru,NL,44,2024-06-28T02:25:54+00:00
46.8.16.76,30,Biterika Group LLC,biterika.ru,RU,7,2024-06-25T18:02:29+00:00
147.45.66.239,100,DpkgSoft International Limited,dpkgsoft.com,DE,87,2024-06-28T14:06:55+00:00
82.118.30.46,43,Heficed Net,heficed.com,CZ,12,2024-06-27T23:52:18+00:00
98.159.226.189,28,ExpressVPN,expressvpn.com,VG,5,2024-06-27T07:48:51+00:00
45.130.202.6,48,TR Bursa,legaconetworks.nl,TR,12,2024-06-24T06:06:09+00:00
45.86.200.21,25,VPN Consumer Amsterdam the Netherlands,panq.nl,NL,5,2024-06-21T04:42:08+00:00
2.57.170.220,29,Expres,expressvpn.com,IT,6,2024-06-26T10:50:21+00:00
45.86.200.19,25,VPN Consumer Amsterdam the Netherlands,panq.nl,NL,6,2024-06-21T07:30:00+00:00
85.203.15.61,52,Falco Networks B.V.,falco-networks.com,DE,10,2024-06-28T14:14:11+00:00
85.203.45.154,19,Falco Networks B.V.,falco-networks.com,CH,3,2024-06-21T12:51:56+00:00
45.86.200.22,20,VPN Consumer Amsterdam the Netherlands,panq.nl,NL,3,2024-06-20T21:02:41+00:00
45.130.202.31,36,TR Bursa,legaconetworks.nl,TR,7,2024-06-28T09:16:23+00:00
111.7.96.161,74,China Mobile Communications Corporation,chinamobileltd.com,CN,29,2024-06-28T15:08:10+00:00
52.112.49.104,2,Microsoft Corporation,microsoft.com,MY,1,2024-06-04T07:51:57+00:00
178.128.112.39,100,DigitalOcean LLC,digitalocean.com,SG,79,2024-06-19T06:13:28+00:00
82.118.30.30,44,Heficed Net,heficed.com,CZ,15,2024-06-28T07:34:49+00:00
85.203.45.151,20,Falco Networks B.V.,falco-networks.com,CH,2,2024-06-21T12:00:34+00:00
98.159.226.184,25,ExpressVPN,expressvpn.com,VG,7,2024-06-27T07:20:29+00:00
85.203.45.179,26,Falco Networks B.V.,falco-networks.com,CH,11,2024-06-28T12:14:07+00:00
85.203.45.180,19,Falco Networks B.V.,falco-networks.com,CH,3,2024-06-21T12:51:56+00:00
49.0.59.10,0,Versa Networks Inc,versa-networks.com,AU,0,
51.7.163.45,0,British Telecommunications PLC,bt.com,GB,0,
82.132.187.56,0,Telefonica UK Limited,o2.com,GB,0,
82.132.223.28,0,Telefonica UK Limited,o2.com,GB,0,
60.188.10.11,22,ChinaNet Zhejiang Province Network,chinatelecom.com.cn,CN,21,2024-06-28T14:37:25+00:00
60.188.9.194,22,ChinaNet Zhejiang Province Network,chinatelecom.com.cn,CN,14,2024-06-28T01:14:46+00:00
49.199.168.16,0,SingTel Optus Pty Ltd,optus.com.au,AU,0,
49.197.218.186,0,SingTel Optus Pty Ltd,optus.com.au,AU,0,
111.7.96.162,100,China Mobile Communications Corporation,chinamobileltd.com,CN,55,2024-06-28T05:05:28+00:00
41.60.239.167,0,Liquid Telecommunications Operations Limited,liquidtelecom.com,KE,0,2024-04-20T15:39:34+00:00
80.189.232.24,0,British Telecommunications PLC,bt.com,GB,0,
165.225.232.88,0,Zscaler Inc.,zscaler.com,AU,0,2021-09-24T03:47:05+00:00
54.79.135.89,0,Amazon Corporate Services Pty Ltd,amazon.com,AU,0,
52.65.246.56,0,Amazon Technologies Inc.,amazon.com,AU,0,
147.161.212.100,0,Zscaler Melbourne,zscaler.com,AU,0,
165.225.226.114,0,Zscaler Inc.,zscaler.com,AU,0,
165.225.226.109,0,Zscaler Inc.,zscaler.com,AU,0,
147.161.215.8,0,Zscaler Sydney,zscaler.com,AU,0,2023-11-22T02:52:35+00:00
165.225.226.148,0,Zscaler Inc.,zscaler.com,AU,0,2022-12-22T22:54:39+00:00
165.225.226.180,0,Zscaler Inc.,zscaler.com,AU,0,2022-07-11T17:00:18+00:00
165.225.226.174,0,Zscaler Inc.,zscaler.com,AU,0,2023-10-05T12:57:29+00:00
34.83.60.191,0,Google LLC,google.com,US,0,
165.225.226.81,0,Zscaler Inc.,zscaler.com,AU,0,
104.47.0.254,20,Microsoft Corporation,microsoft.com,FI,2,2024-05-31T12:00:55+00:00
40.94.95.80,1,Microsoft Corporation,microsoft.com,FI,0,2024-05-17T05:57:10+00:00
52.123.138.160,30,Microsoft Corporation,microsoft.com,IE,4,2024-06-27T07:46:51+00:00
52.112.103.76,26,Microsoft Corporation,microsoft.com,FR,10,2024-06-27T18:05:58+00:00
52.123.138.164,25,Microsoft Corporation,microsoft.com,IE,6,2024-06-27T07:46:51+00:00
90.219.155.68,0,SKY UK Limited,sky.com,GB,0,
45.76.33.121,0,Vultr Holdings LLC,vultr.com,NL,0,2021-03-14T00:53:05+00:00
95.179.220.214,2,Vultr Holdings LLC,vultr.com,FR,1,2024-06-03T08:19:00+00:00
136.226.167.82,0,Zscaler Inc.,zscaler.com,GB,0,
136.226.253.10,0,Zscaler Inc.,zscaler.com,IN,1,2024-06-14T14:06:18+00:00
51.155.135.201,0,Zen Partition Customer Networks,zen.co.uk,GB,0,
188.162.6.26,26,PJSC MegaFon,megafon.ru,RU,5,2024-06-01T22:32:03+00:00
185.68.184.14,2,Fine Group Servers Solutions LLC,finegroupservers.com,NL,0,2024-05-29T08:55:51+00:00
146.185.200.98,0,Petersburg Internet Network Ltd.,pinspb.ru,RU,0,2024-02-29T03:42:13+00:00
193.233.248.78,1,TrafficTransitSolution LLC,traffictransitsolution.us,US,0,2024-05-17T15:19:08+00:00
178.20.215.248,0,Alaxona Internet Inc.,alaxona.com,DE,0,2022-01-19T23:16:00+00:00
79.110.17.140,0,ATOMOHOST LLC,atomohost.com,UA,0,2022-11-23T13:11:04+00:00
193.202.87.61,0,Alex Largman,finegroupservers.com,US,0,
185.88.36.149,0,Ivan Bulavkin,onerinvestments.com,US,0,2024-02-28T00:57:13+00:00
213.232.122.171,0,Fine Group Servers Solutions LLC,finegroupservers.com,NL,0,2024-04-16T00:51:39+00:00
178.20.55.182,100,Ielo-Liazo Services SAS,liazo.fr,FR,145,2024-06-28T16:02:07+00:00
149.56.44.47,100,OVH Hosting Inc.,ovh.com,CA,46,2024-06-28T16:04:47+00:00
185.220.100.243,100,F3 Netze E.V.,f3netze.de,DE,96,2024-06-28T05:06:47+00:00
178.20.55.16,100,Ielo-Liazo Services SAS,liazo.fr,FR,154,2024-06-28T16:04:53+00:00
37.228.235.59,0,Virgin Media Ireland Limited,virginmedia.ie,IE,0,
82.132.223.176,0,Telefonica UK Limited,o2.com,GB,0,
193.188.20.238,49,Hosting Technology Ltd,vdsina.ru,NL,20,2024-06-28T01:08:18+00:00
24.199.110.56,0,DigitalOcean LLC,digitalocean.com,US,0,2023-10-19T06:01:51+00:00
95.104.193.129,29,Uljanovsk CSC of Privolgsky Macro Branch JSC Comstar-Region,comstar.ru,RU,8,2024-06-13T14:40:30+00:00
5.188.210.87,22,Petersburg Internet Network Ltd.,pinspb.ru,RU,5,2024-06-02T06:14:10+00:00
46.149.74.224,81,Hosting Technology Ltd,vdsina.ru,NL,29,2024-06-27T19:24:54+00:00
91.219.239.166,100,ServerAstra Kft.,serverastra.com,HU,43,2024-06-28T11:24:02+00:00
45.133.173.18,10,IPXO Limited,ipxo.com,GB,2,2024-05-31T00:07:15+00:00
188.162.6.225,29,PJSC MegaFon,megafon.ru,RU,7,2024-06-01T06:31:02+00:00
192.42.116.220,100,Not SURF Net,as1101.net,NL,77,2024-06-04T20:06:47+00:00
79.137.248.15,100,Aeza International LTD,aeza.net,FI,116,2024-06-26T17:18:59+00:00
82.152.147.14,0,GCI Network Solutions Limited,gcicom.net,GB,0,
148.252.141.189,0,Vodafone Ltd,vodafone.co.uk,GB,0,2024-03-11T01:03:54+00:00
89.242.3.219,0,Opal DSL,opal-solutions.com,GB,0,
89.242.9.77,0,Opal DSL,opal-solutions.com,GB,0,
208.91.64.44,64,Paradise Networks LLC,paradisenetworks.net,US,19,2024-06-25T14:32:02+00:00
212.102.39.156,50,DataCamp Limited,datacamp.co.uk,CZ,28,2024-06-28T04:27:58+00:00
51.91.18.151,100,OVH SAS,ovh.com,FR,58,2024-06-28T14:57:01+00:00
87.236.176.210,100,Constantine Cybersecurity Ltd.,cyber.casa,GB,130,2024-06-28T16:11:12+00:00
195.2.71.35,11,Hosting Technology Ltd,vdsina.ru,RU,3,2024-06-17T05:19:51+00:00
37.99.60.78,46,Kar-Tel LLC,beeline.kz,KZ,9,2024-06-24T21:02:44+00:00
101.187.140.177,0,Telstra Limited,telstra.com.au,AU,0,
178.66.16.122,64,PJSC Rostelecom North-West Region,telegraph.spb.ru,RU,16,2024-06-28T14:46:46+00:00
173.208.173.170,28,Wholesale Internet Inc.,wholesaleinternet.com,US,9,2024-06-28T14:07:51+00:00
79.141.173.91,56,HZ Hosting Ltd,hostzealot.com,US,21,2024-06-27T16:13:48+00:00
206.206.64.213,2,Colocation America Corp,colocationamerica.com,US,1,2024-06-09T01:16:42+00:00
5.252.29.26,58,IGRA-Service LLC,g-service.ru,RU,15,2024-06-28T02:07:09+00:00
5.62.58.122,31,AVAST Software s.r.o.,avast.com,US,5,2024-06-24T10:46:57+00:00
92.118.205.244,100,BrainStorm Network Inc,oneprovider.com,PL,39,2024-06-28T07:12:34+00:00
192.145.125.92,66,M247 Europe SRL,m247.com,DE,22,2024-06-24T08:35:08+00:00
185.244.182.109,77,Hosting Technology Ltd,vdsina.ru,RU,31,2024-06-28T07:42:27+00:00
208.68.93.230,100,Mediadrive,mediadrive.ca,CA,105,2024-06-27T11:52:50+00:00
34.105.7.81,27,Google LLC,google.com,US,0,2024-05-27T21:03:14+00:00
34.145.54.73,17,Google LLC,google.com,US,6,2024-06-12T23:30:17+00:00
178.120.187.228,50,Republican Unitary Telecommunication Enterprise Beltelecom,beltelecom.by,BY,13,2024-06-14T16:15:36+00:00
101.115.153.94,0,Vodafone Australia Pty Limited,vodafone.com.au,AU,0,
89.110.70.104,69,Hosting Technology Ltd,vdsina.ru,NL,31,2024-06-27T23:48:45+00:00
185.119.196.240,43,Weiss Hosting Group S.r.l.,pq.hosting,NL,12,2024-06-28T09:03:34+00:00
185.106.92.74,54,Network Management Ltd,kompromiss.ru,DE,46,2024-06-28T12:28:04+00:00
90.222.118.219,0,SKY UK Limited,sky.com,GB,0,
104.28.32.142,0,iCloud Private Relay,icloud.com,US,0,
104.28.32.143,0,iCloud Private Relay,icloud.com,US,0,2023-10-05T17:51:04+00:00
93.123.39.36,90,Sircrosar Limited,net1.bg,BG,38,2024-06-24T11:21:04+00:00
34.19.102.202,13,Google LLC,google.com,US,2,2024-06-25T20:33:16+00:00
34.105.122.129,11,Google LLC,google.com,US,1,2024-06-25T05:46:11+00:00
188.212.135.122,23,VPN Consumer Network,vpnconsumer.com,PL,3,2024-06-23T13:37:30+00:00
212.30.36.18,32,M Nets SAL,mnets.net,DE,5,2024-06-20T16:56:02+00:00
45.130.202.88,36,TR Bursa,legaconetworks.nl,TR,9,2024-06-22T21:27:28+00:00
188.212.135.118,21,VPN Consumer Network,vpnconsumer.com,PL,3,2024-06-23T13:37:35+00:00
45.86.202.196,29,VPN Consumer Frankfurt Germany,panq.nl,DE,5,2024-06-28T05:23:47+00:00
85.203.47.179,2,Falco Networks B.V.,falco-networks.com,DK,1,2024-06-06T07:45:31+00:00
212.30.36.76,60,M Nets SAL,mnets.net,DE,13,2024-06-25T04:34:07+00:00
85.203.47.209,3,Falco Networks B.V.,falco-networks.com,DK,1,2024-06-09T10:14:28+00:00
188.212.135.19,20,VPN Consumer Network,vpnconsumer.com,PL,1,2024-06-03T19:11:06+00:00
45.130.202.98,21,TR Bursa,legaconetworks.nl,TR,2,2024-06-09T08:59:31+00:00
1.145.73.64,0,Telstra Limited,telstra.com.au,AU,0,
165.228.55.240,0,Telstra Limited,telstra.com.au,AU,0,
31.94.74.95,0,EE Limited,ee.co.uk,GB,0,
188.29.127.28,0,Hutchison 3G UK Limited,ericsson.com,GB,0,2024-04-19T02:15:04+00:00
86.139.108.19,0,British Telecommunications PLC,bt.com,GB,0,
151.231.228.241,0,SKY UK Limited,sky.com,GB,0,
78.151.240.5,0,TalkTalk Communications Limited,talktalkbusiness.co.uk,GB,0,
84.239.47.74,0,Invite Systems SRL,adnet.ro,US,0,2024-04-15T02:02:49+00:00
123.125.109.79,1,China Unicom Beijing Province Network,chinaunicom.com,CN,0,2024-05-24T18:09:00+00:00
80.112.128.35,0,Stichting Duwo,ziggozakelijk.nl,NL,0,
31.94.66.3,0,EE Limited,ee.co.uk,GB,0,
86.163.84.137,0,British Telecommunications PLC,bt.com,GB,0,
195.158.95.96,0,Go P.L.C.,go.com.mt,MT,0,2022-06-26T10:25:15+00:00
52.70.240.171,100,Amazon Technologies Inc.,amazon.com,US,324,2024-06-28T15:07:58+00:00
23.22.35.162,100,Amazon Data Services NoVa,amazon.com,US,305,2024-06-28T15:31:46+00:00
104.28.237.21,0,CloudFlare Inc.,cloudflare.com,UA,19,2024-06-25T15:06:20+00:00
45.86.202.137,29,VPN Consumer Frankfurt Germany,panq.nl,DE,4,2024-06-27T06:23:05+00:00
45.86.202.223,36,VPN Consumer Frankfurt Germany,panq.nl,DE,3,2024-06-27T06:05:40+00:00
193.124.66.154,69,JSC MediaSoft Ekspert,mtw.ru,RU,27,2024-06-28T12:49:25+00:00
185.221.32.183,46,M SAT Cable SA,mnet.bg,BG,15,2024-06-28T15:01:08+00:00
178.127.46.112,32,Republican Unitary Telecommunication Enterprise Beltelecom,beltelecom.by,BY,5,2024-06-24T13:04:10+00:00
185.209.28.214,40,Hosting Technology Ltd,vdsina.ru,RU,10,2024-06-27T09:43:51+00:00
104.28.205.21,0,CloudFlare Inc.,cloudflare.com,UA,18,2024-06-24T20:40:31+00:00
94.176.1.165,0,ClearDocks LLC,hostroyale.com,US,0,2024-03-03T01:05:12+00:00
119.12.205.110,0,Transferred to the RIPE Region on 2021-03-17T08:16:34Z.,hostroyale.com,US,0,2023-10-29T07:12:06+00:00
216.19.201.220,0,Franklin & Associates,franklinassociatesinc.com,US,0,
206.204.30.17,0,Steel-Axis LLC,ipv4.rent,US,0,2024-04-13T13:54:41+00:00
209.95.169.8,0,Netex Online Services,netfeed.com,US,0,
206.204.48.127,0,Steel-Axis LLC,ipv4.rent,US,0,
206.204.21.81,0,Steel-Axis LLC,ipv4.rent,US,0,
34.168.245.58,2,Google LLC,google.com,US,1,2024-06-11T00:15:17+00:00
64.226.78.121,100,DigitalOcean LLC,digitalocean.com,DE,140,2024-06-28T16:09:18+00:00
68.183.9.16,100,DigitalOcean LLC,digitalocean.com,NL,395,2024-06-27T10:00:27+00:00
220.244.71.218,0,TPG Internet Pty Ltd.,tpgi.com.au,AU,0,
212.30.37.216,33,M Nets SAL,mnets.net,NL,3,2024-06-23T14:02:22+00:00
188.212.135.117,34,VPN Consumer Network,vpnconsumer.com,PL,6,2024-06-23T13:37:36+00:00
85.203.20.53,12,Falco Networks B.V.,falco-networks.com,HR,4,2024-06-16T08:06:01+00:00
85.203.20.57,4,Falco Networks B.V.,falco-networks.com,HR,2,2024-06-27T05:12:07+00:00
188.212.135.138,45,VPN Consumer Network,vpnconsumer.com,PL,9,2024-06-25T08:34:52+00:00
85.203.20.62,11,Falco Networks B.V.,falco-networks.com,HR,1,2024-06-26T09:58:51+00:00
84.247.59.125,31,Noop LLC,noop.net,DE,4,2024-06-19T23:05:47+00:00
212.30.37.200,24,M Nets SAL,mnets.net,NL,2,2024-06-21T06:56:05+00:00
85.203.20.100,12,Falco Networks B.V.,falco-networks.com,HR,2,2024-06-23T04:10:12+00:00
188.212.135.137,19,VPN Consumer Network,vpnconsumer.com,PL,3,2024-06-15T23:14:02+00:00
212.30.37.181,33,M Nets SAL,mnets.net,NL,4,2024-06-23T11:00:07+00:00
84.247.59.137,43,Noop LLC,noop.net,DE,4,2024-06-28T09:51:53+00:00
185.132.187.111,19,Digital Resources Management S.L.,digitalrm.es,BE,5,2024-06-18T04:42:30+00:00
37.120.221.248,38,Secure Data Systems SRL,s-data.ro,SK,11,2024-06-28T06:07:09+00:00
188.212.135.173,30,VPN Consumer Network,vpnconsumer.com,PL,2,2024-06-04T15:18:39+00:00
98.159.226.240,24,ExpressVPN,expressvpn.com,VG,11,2024-06-27T21:33:09+00:00
85.203.45.60,0,Falco Networks B.V.,falco-networks.com,CH,0,2024-04-15T19:11:13+00:00
85.203.45.101,27,Falco Networks B.V.,falco-networks.com,CH,5,2024-06-16T09:08:04+00:00
85.203.45.100,18,Falco Networks B.V.,falco-networks.com,CH,6,2024-06-16T09:08:09+00:00
85.203.45.7,17,Falco Networks B.V.,falco-networks.com,CH,5,2024-06-16T09:08:00+00:00
62.233.57.53,30,Green Floid LLC,greenfloid.com,CZ,1,2024-05-29T17:22:04+00:00
65.0.108.222,0,Amazon Data Services India,amazon.com,IN,0,
13.201.93.212,0,Amazon Data Services India,amazon.com,IN,0,
44.196.175.104,0,Amazon Data Services NoVa,amazon.com,US,0,
18.201.239.248,26,Amazon Data Services Ireland Limited,amazon.com,IE,5,2024-06-04T22:44:01+00:00
162.240.229.95,76,Unified Layer,unifiedlayer.com,US,7,2024-06-02T00:02:58+00:00
161.12.62.82,0,Neos Networks Limited,neosnetworks.com,GB,0,
138.199.29.42,22,DataCamp Limited,datacamp.co.uk,GB,4,2024-06-06T15:06:27+00:00
45.133.192.234,11,EstNOC Global,estnoc.ee,IS,2,2024-05-30T14:03:11+00:00
52.64.98.127,0,Amazon Technologies Inc.,amazon.com,AU,0,
52.64.41.8,0,Amazon Technologies Inc.,amazon.com,AU,0,
203.47.216.216,0,Telstra Limited,telstra.com.au,AU,0,
220.245.198.82,0,TPG Internet Pty Ltd.,tpgi.com.au,AU,0,
147.161.212.204,0,Zscaler Melbourne,zscaler.com,AU,0,
165.225.226.106,0,Zscaler Inc.,zscaler.com,AU,0,
163.116.145.66,0,Netskope IAD,netskope.com,US,0,2024-02-06T14:27:22+00:00
206.189.91.147,81,DigitalOcean LLC,digitalocean.com,SG,4,2024-05-31T14:39:11+00:00
31.94.30.147,1,EE Limited,ee.co.uk,GB,0,2024-05-20T07:15:50+00:00
2.26.203.202,0,EE Limited,ee.co.uk,GB,0,
50.201.132.190,0,Comcast Cable Communications LLC,comcast.net,US,0,2021-10-12T14:53:00+00:00
172.58.182.193,0,T-Mobile USA Inc.,t-mobile.com,US,0,
148.252.145.25,0,Vodafone Ltd,vodafone.co.uk,GB,0,
139.59.143.102,100,DigitalOcean LLC,digitalocean.com,DE,437,2024-06-28T15:08:09+00:00
103.161.173.65,100,Minh Hien Solutions Company Limited,saigondata.net,VN,156,2024-06-28T11:23:29+00:00
203.190.12.29,98,Daffodilnet Main Sub Block,daffodilnet.com,BD,36,2024-06-11T11:01:40+00:00
45.117.162.84,100,Viettel-CHT Company Ltd,viettel.vn,VN,174,2024-06-28T16:12:30+00:00
95.152.63.231,47,OJSC Rostelecom,rostelecom.ru,RU,11,2024-05-31T12:03:25+00:00
161.123.101.205,1,Wirels Connect Pty Ltd,telafricamobile.com,US,0,2024-05-16T11:29:41+00:00
2.57.168.162,0,VPN Consumer New Jersey United States of America,tnrtechnologies.nl,US,0,2024-04-13T16:05:06+00:00
86.9.244.249,0,Virgin Media Limited,virginmedia.com,GB,0,2024-03-28T18:50:16+00:00
101.198.0.152,39,Beijing Qihu Technology Company Limited,360.com,CN,4,2024-06-23T05:10:43+00:00
101.198.0.151,41,Beijing Qihu Technology Company Limited,360.com,CN,3,2024-06-20T15:07:11+00:00
101.198.0.150,26,Beijing Qihu Technology Company Limited,360.com,CN,4,2024-06-23T08:08:27+00:00
1.192.195.11,39,Henan Telecom Corporation,chinatelecom.com.cn,CN,6,2024-06-26T22:02:39+00:00
101.198.0.180,31,Beijing Qihu Technology Company Limited,360.com,CN,3,2024-05-31T13:21:54+00:00
74.115.1.248,25,IPXO LLC,ipxo.com,US,4,2024-06-18T17:11:41+00:00
205.210.31.70,0,Palo Alto Networks Inc,paloaltonetworks.com,US,1321,2024-06-28T16:04:08+00:00
154.16.150.199,2,Netstack Ltd,host1plus.com,US,1,2024-06-01T06:44:26+00:00
194.113.238.137,9,Yury Dolin,g-service.ru,US,3,2024-06-18T17:10:48+00:00
34.83.43.86,35,Google LLC,google.com,US,5,2024-06-27T12:32:15+00:00
98.202.64.95,0,Comcast Cable Communications LLC,comcast.net,US,0,
35.80.7.129,32,Amazon.com Inc.,amazon.com,US,4,2024-05-31T08:15:00+00:00
35.87.246.44,29,Amazon.com Inc.,amazon.com,US,1,2024-05-29T21:00:53+00:00
3.108.56.46,0,Amazon Data Services India,amazon.com,IN,0,
52.66.92.141,0,Amazon Data Services India,amazon.com,IN,0,
85.206.169.153,33,Informacines Sistemos IR Technologijos UAB,ist.lt,LT,18,2024-06-27T01:34:02+00:00
85.203.47.177,0,Falco Networks B.V.,falco-networks.com,DK,0,2024-04-13T00:23:26+00:00
188.212.135.97,26,VPN Consumer Network,vpnconsumer.com,PL,1,2024-06-24T11:02:41+00:00
185.51.134.230,40,SYNAPSECOM S.A. Provider of Telecommunications and Internet Services,synapsecom.gr,GR,7,2024-06-27T23:22:00+00:00
98.159.226.70,29,ExpressVPN,expressvpn.com,VG,10,2024-06-27T02:49:59+00:00
37.120.221.253,38,Secure Data Systems SRL,s-data.ro,SK,14,2024-06-26T07:16:10+00:00
85.206.169.157,41,Informacines Sistemos IR Technologijos UAB,ist.lt,LT,19,2024-06-26T02:10:33+00:00
37.46.113.252,36,AltusHost B.V.,altushost.com,LU,7,2024-06-26T13:42:12+00:00
194.32.122.6,32,CyberGhost SRL,cyberghostvpn.com,LT,9,2024-06-27T09:41:42+00:00
90.212.31.20,0,SKY UK Limited,sky.com,GB,0,
82.132.226.144,0,Telefonica UK Limited,o2.com,GB,0,
163.116.211.30,0,Netskope Inc.,netskope.com,AU,0,
58.6.237.140,0,iiNET Limited,iinet.net.au,AU,0,
85.119.122.23,100,Melita Limited,melita.com,MT,76,2024-06-27T21:09:10+00:00
134.209.158.44,100,DigitalOcean LLC,digitalocean.com,IN,186,2024-06-28T06:24:54+00:00
84.247.147.202,100,Contabo GmbH,contabo.com,DE,117,2024-06-13T01:18:01+00:00
101.67.49.19,4,Unicom Zhejiang Province Network,chinaunicom.com,CN,10,2024-06-28T04:45:33+00:00
60.188.11.40,15,ChinaNet Zhejiang Province Network,chinatelecom.com.cn,CN,13,2024-06-28T02:10:49+00:00
185.111.175.21,0,Community Fibre Limited,communityfibre.co.uk,GB,0,
86.149.93.93,0,British Telecommunications PLC,bt.com,GB,0,
115.189.128.42,0,Spark New Zealand Trading Ltd,spark.co.nz,NZ,0,2021-09-22T22:40:39+00:00
40.94.95.73,1,Microsoft Corporation,microsoft.com,FI,0,2024-05-21T23:49:50+00:00
163.116.223.62,2,MNL,netskope.com,PH,0,2024-05-28T08:11:36+00:00
170.106.115.173,100,Aceville Pte.Ltd.,tencent.com,US,586,2024-06-23T05:59:06+00:00
172.105.16.131,100,Linode LLC,linode.com,CA,453,2024-06-28T05:46:38+00:00
209.38.208.202,100,DigitalOcean LLC,digitalocean.com,DE,164,2024-06-28T15:08:10+00:00
172.105.16.117,100,Linode LLC,linode.com,CA,407,2024-06-28T05:07:14+00:00
159.223.132.86,100,DigitalOcean LLC,digitalocean.com,US,405,2024-06-28T15:08:45+00:00
64.225.75.246,100,DigitalOcean LLC,digitalocean.com,NL,390,2024-06-28T08:10:31+00:00
45.128.199.253,50,Expres,expressvpn.com,NL,11,2024-06-24T11:58:13+00:00
45.128.199.30,37,Expres,expressvpn.com,NL,5,2024-06-25T13:03:33+00:00
45.128.199.12,33,Expres,expressvpn.com,NL,5,2024-06-25T20:10:56+00:00
5.17.27.113,94,JSC ER-Telecom Holding,ertelecom.ru,RU,62,2024-06-20T21:50:56+00:00
198.154.89.125,0,B2 Net Solutions Inc.,servermania.com,US,0,2023-01-14T19:47:04+00:00
45.86.202.122,27,VPN Consumer Frankfurt Germany,panq.nl,DE,7,2024-06-28T02:05:37+00:00
45.86.202.121,33,VPN Consumer Frankfurt Germany,panq.nl,DE,4,2024-06-27T22:05:39+00:00
45.15.73.61,33,IPX - FZCO,iplir.com,RU,7,2024-06-26T15:49:49+00:00
85.159.230.102,47,LLC Powernet,powernet.com.ru,DE,25,2024-06-28T13:00:11+00:00
185.225.28.3,54,Teleks dooel Skopje,teleks.mk,MK,19,2024-06-25T13:15:06+00:00
117.132.188.206,73,China Mobile Communications Corporation,chinamobileltd.com,CN,26,2024-06-28T03:53:42+00:00
98.212.192.184,0,Comcast Cable Communications LLC,comcast.net,US,0,
178.76.240.1,60,Joint Stock Company TransTeleCom,ttk.ru,RU,44,2024-06-25T12:37:07+00:00
162.55.250.162,51,Hetzner Online GmbH,hetzner.de,DE,19,2024-06-21T01:14:10+00:00
96.126.110.181,100,Akamai Technologies Inc.,akamai.com,US,434,2024-06-26T22:11:20+00:00
165.227.173.41,100,DigitalOcean LLC,digitalocean.com,DE,347,2024-06-28T04:29:48+00:00
89.110.23.185,45,St.Petersburg Telephone Network,nwtelecom.ru,RU,12,2024-06-13T15:05:47+00:00
80.239.140.196,50,Arelion Sweden AB,arelion.com,NL,6,2024-06-26T00:23:12+00:00
89.39.139.99,0,Hyperoptic Ltd,hyperoptic.com,GB,0,
31.94.66.151,0,EE Limited,ee.co.uk,GB,0,
51.219.141.104,0,Gamma Telecom Limited,gamma.co.uk,GB,0,
86.152.29.100,0,British Telecommunications PLC,bt.com,GB,0,
31.117.207.47,0,EE Limited,ee.co.uk,GB,0,
51.155.92.233,0,Optanet Limited,zen.co.uk,GB,0,
85.174.227.50,2,OJSC Rostelecom,rostelecom.ru,RU,0,2024-05-30T02:13:29+00:00
101.67.50.32,19,Unicom Zhejiang Province Network,chinaunicom.com,CN,16,2024-06-27T20:44:24+00:00
101.67.50.39,15,Unicom Zhejiang Province Network,chinaunicom.com,CN,9,2024-06-28T13:51:00+00:00
101.67.29.243,4,Unicom Zhejiang Province Network,chinaunicom.com,CN,15,2024-06-27T20:27:45+00:00
60.188.11.124,14,ChinaNet Zhejiang Province Network,chinatelecom.com.cn,CN,14,2024-06-27T06:01:23+00:00
101.67.29.76,15,Unicom Zhejiang Province Network,chinaunicom.com,CN,12,2024-06-28T08:25:10+00:00
60.188.11.38,28,ChinaNet Zhejiang Province Network,chinatelecom.com.cn,CN,18,2024-06-28T11:32:19+00:00
95.90.177.79,0,Vodafone Deutschland GmbH,vodafone.com,DE,0,
174.242.208.2,0,Verizon Business,verizonenterprise.com,US,0,
178.128.104.59,87,DigitalOcean LLC,digitalocean.com,SG,43,2024-06-07T12:20:46+00:00
31.94.8.70,0,EE Limited,ee.co.uk,GB,0,
107.77.228.53,0,AT&T Mobility LLC,att.net,US,0,2023-10-17T19:16:59+00:00
31.94.4.19,0,EE Limited,ee.co.uk,GB,0,
5.3.178.133,30,JSC ER-Telecom Holding,ertelecom.ru,RU,8,2024-06-05T02:36:29+00:00
178.122.169.5,51,Republican Unitary Telecommunication Enterprise Beltelecom,beltelecom.by,BY,17,2024-06-06T12:20:41+00:00
37.245.37.63,0,Emirates Telecommunications Group Company (Etisalat Group) PJSC,etisalat.ae,AE,0,
37.245.74.214,0,Emirates Telecommunications Group Company (Etisalat Group) PJSC,etisalat.ae,AE,0,
54.208.143.244,0,Amazon.com Inc.,amazon.com,US,0,
52.21.147.173,0,Amazon Technologies Inc.,amazon.com,US,0,
87.236.176.83,100,Constantine Cybersecurity Ltd.,cyber.casa,GB,108,2024-06-28T16:08:25+00:00
